"","PIN","Matriculation.Date","Sex","Academic.Interest.1","Academic.Interest.2","SAT.I.Math","Translated.SAT.I.Math","SAT.R.Math.Verified","ACT.Math.Verified","GCE..A..Levels.H1.MATHEMATICS.Grade","GCE..A..Levels.H1.PHYSICS.ADD..PHYSICS.Grade","GCE..A..Levels.H2.MATHEMATICS.Grade","GCE..A..Levels.H2.PHYSICS.ADD..PHYSICS.Grade","GCE..A..Levels.H2.COMPUTER.SCIENCE.COMPUTING.Grade","IB.Math.Studies.SL.Score","IB.Mathematics.SL.Score","IB.Mathematics.HL.Score","IB.Math.Stats.HL.Score","IB.Further.mathematics.SL.Score","IB.Computer.Sc..SL.Score","IB.Computer.Sc..HL.Score","AP.Calculus..AB..Score","AP.Statistics.Score","AP.Physics.1.Score","AP.Computer.Science..A..Score","AP.Computer.Science..AB..Score"
"1","N385115424262",2016,"F","Economics","Global Affairs",NA,NA,NA,NA,NA,NA,"A","A",NA,NA,NA,NA,NA,NA,NA,NA,NA,NA,NA,NA,NA
"2","N344115410225",2016,"F","Environmental Studies","Global Affairs",730,760,NA,NA,NA,NA,NA,NA,NA,NA,NA,NA,NA,NA,NA,NA,NA,NA,NA,NA,NA
"3","N336115408225",2016,"M","Economics","Philosophy",NA,NA,NA,30,NA,NA,NA,NA,NA,NA,NA,NA,NA,NA,NA,NA,NA,NA,NA,NA,NA
"4","N304116413208",2016,"F","Literature","Environmental Studies",780,790,NA,NA,NA,NA,NA,NA,NA,NA,NA,NA,NA,NA,NA,NA,NA,NA,NA,NA,NA
"5","N361115413224",2016,"M","Economics",NA,760,780,NA,NA,NA,NA,NA,NA,NA,NA,NA,NA,NA,NA,NA,NA,NA,NA,NA,NA,NA
"6","N302115423225",2016,"M","Global Affairs","Philosophy, Politics and Economics",NA,NA,NA,NA,NA,NA,NA,NA,NA,NA,NA,NA,NA,NA,NA,NA,NA,NA,NA,NA,NA
"7","N340115418225",2016,"F","Global Affairs","Urban Studies",720,750,NA,NA,NA,NA,NA,NA,NA,NA,NA,NA,NA,NA,NA,NA,NA,NA,NA,NA,NA
"8","N304115418225",2016,"M","Economics","Global Affairs",NA,NA,NA,NA,NA,NA,NA,NA,NA,NA,NA,NA,NA,NA,NA,NA,NA,NA,NA,NA,NA
"9","N376115424262",2016,"M","History","Literature",NA,NA,NA,NA,NA,NA,NA,NA,NA,NA,NA,NA,NA,NA,NA,NA,NA,NA,NA,NA,NA
"10","N354115408225",2016,"F","Global Affairs","Philosophy, Politics and Economics",660,690,NA,NA,NA,NA,NA,NA,NA,NA,NA,NA,NA,NA,NA,NA,3,NA,NA,NA,NA
"11","N356115401225",2016,"M","Physical Sciences","Anthropology",720,750,NA,NA,NA,NA,NA,NA,NA,NA,NA,NA,NA,NA,NA,NA,NA,NA,NA,NA,NA
"12","N307116408208",2016,"F","Global Affairs","History",NA,NA,NA,NA,NA,NA,NA,NA,NA,NA,NA,NA,NA,NA,NA,NA,NA,NA,NA,NA,NA
"13","N396116421207",2016,"M","Arts & Humanities","Philosophy, Politics and Economics",760,780,NA,NA,NA,NA,NA,NA,NA,NA,NA,NA,NA,NA,NA,NA,NA,NA,NA,NA,NA
"14","N350115418224",2016,"F","Philosophy, Politics and Economics","Economics",NA,NA,NA,32,NA,NA,NA,NA,NA,NA,NA,NA,NA,NA,NA,NA,NA,NA,NA,NA,NA
"15","N391116401207",2016,"F","Arts & Humanities","Literature",NA,NA,NA,NA,"A",NA,NA,NA,NA,NA,NA,NA,NA,NA,NA,NA,NA,NA,NA,NA,NA
"16","N324116421212",2016,"F","Life Sciences","Arts & Humanities",NA,NA,NA,NA,NA,NA,NA,NA,NA,NA,NA,NA,NA,NA,NA,NA,NA,NA,NA,NA,NA
"17","N365115402262",2016,"F","Arts & Humanities","Economics",NA,NA,NA,NA,NA,NA,"A",NA,NA,NA,NA,NA,NA,NA,NA,NA,NA,NA,NA,NA,NA
"18","N347115405224",2016,"M","Arts & Humanities","Environmental Studies",710,740,NA,NA,NA,NA,NA,NA,NA,NA,NA,NA,NA,NA,NA,NA,NA,NA,NA,NA,NA
"19","N314115414225",2016,"F","Psychology","Urban Studies",660,690,NA,NA,NA,NA,NA,NA,NA,NA,NA,NA,NA,NA,NA,NA,NA,NA,NA,NA,NA
"20","N308115410225",2016,"M","Mathematical, Computational and Statistical Sciences","Philosophy, Politics and Economics",770,780,NA,NA,NA,NA,NA,NA,NA,NA,NA,NA,NA,NA,NA,NA,NA,NA,NA,NA,NA
"21","N351115412262",2016,"M","Psychology","Philosophy, Politics and Economics",NA,NA,NA,NA,NA,NA,NA,NA,NA,NA,NA,NA,NA,NA,NA,NA,NA,NA,NA,NA,NA
"22","N363115405262",2016,"F","Psychology","Anthropology",NA,NA,NA,NA,"A",NA,NA,NA,NA,NA,NA,NA,NA,NA,NA,NA,NA,NA,NA,NA,NA
"23","N367115402224",2016,"F","Philosophy, Politics and Economics","Global Affairs",780,790,NA,NA,NA,NA,NA,NA,NA,NA,NA,NA,NA,NA,NA,NA,NA,NA,NA,NA,NA
"24","N380115412224",2016,"M","Psychology","Arts & Humanities",NA,NA,NA,NA,NA,NA,NA,NA,NA,NA,NA,NA,NA,NA,NA,NA,NA,NA,NA,NA,NA
"25","N345115410224",2016,"F","Literature","Philosophy, Politics and Economics",730,760,NA,NA,NA,NA,NA,NA,NA,NA,NA,NA,NA,NA,NA,NA,NA,NA,NA,NA,NA
"26","N345115408225",2016,"M","Philosophy, Politics and Economics","Global Affairs",NA,NA,NA,NA,NA,NA,NA,NA,NA,NA,NA,NA,NA,NA,NA,NA,NA,NA,NA,NA,NA
"27","N356115405224",2016,"M","Physical Sciences",NA,750,770,NA,NA,NA,NA,NA,NA,NA,NA,NA,NA,NA,NA,NA,NA,NA,NA,NA,NA,NA
"28","N346115401262",2016,"F","Philosophy, Politics and Economics","Global Affairs",NA,NA,NA,NA,NA,NA,NA,NA,NA,NA,NA,NA,NA,NA,NA,NA,NA,NA,NA,NA,NA
"29","N352115410262",2016,"F","Philosophy, Politics and Economics","Arts & Humanities",NA,NA,NA,NA,NA,NA,"A","A",NA,NA,NA,NA,NA,NA,NA,NA,NA,NA,NA,NA,NA
"30","N362115412224",2016,"M","Anthropology","Psychology",NA,NA,NA,NA,NA,NA,NA,NA,NA,NA,NA,NA,NA,NA,NA,NA,NA,NA,NA,NA,NA
"31","N371115412224",2016,"M","Undecided","Philosophy, Politics and Economics",800,800,NA,NA,NA,NA,NA,NA,NA,NA,NA,NA,NA,NA,NA,NA,NA,NA,NA,NA,NA
"32","N348115425262",2016,"M","Arts & Humanities","Philosophy, Politics and Economics",NA,NA,NA,NA,NA,NA,NA,NA,NA,NA,NA,NA,NA,NA,NA,NA,NA,NA,NA,NA,NA
"33","N341115418224",2016,"F","Psychology","Life Sciences",NA,NA,NA,NA,NA,NA,"A","A",NA,NA,NA,NA,NA,NA,NA,NA,NA,NA,NA,NA,NA
"34","N301116405220",2016,"F","Economics","Environmental Studies",NA,NA,NA,26,NA,NA,NA,NA,NA,NA,NA,NA,NA,NA,NA,NA,NA,NA,NA,NA,NA
"35","N397116418207",2016,"M","Economics","Philosophy, Politics and Economics",NA,NA,NA,NA,NA,NA,NA,NA,NA,NA,NA,NA,NA,NA,NA,NA,NA,NA,NA,NA,NA
"36","N310115424225",2016,"M","Undecided","Undecided",780,790,NA,NA,NA,NA,NA,NA,NA,NA,NA,NA,NA,NA,NA,NA,NA,NA,NA,NA,NA
"37","N322115418225",2016,"F",NA,"Philosophy, Politics and Economics",800,800,NA,NA,NA,NA,NA,NA,NA,NA,NA,NA,NA,NA,NA,NA,5,4,NA,NA,NA
"38","N365115405224",2016,"F","Economics","Global Affairs",740,760,NA,NA,NA,NA,NA,NA,NA,NA,NA,NA,NA,NA,NA,NA,NA,NA,NA,NA,NA
"39","N357115425262",2016,"F","Global Affairs","Urban Studies",NA,NA,NA,NA,"B",NA,NA,NA,NA,NA,NA,NA,NA,NA,NA,NA,NA,NA,NA,NA,NA
"40","N338115401225",2016,"F","History",NA,680,710,NA,NA,NA,NA,NA,NA,NA,NA,NA,NA,NA,NA,NA,NA,NA,NA,NA,NA,NA
"41","N383115405224",2016,"F","Global Affairs","Philosophy, Politics and Economics",700,730,NA,NA,NA,NA,NA,NA,NA,NA,NA,NA,NA,NA,NA,NA,NA,NA,NA,NA,NA
"42","N337116405215",2016,"M","Physical Sciences","Mathematical, Computational and Statistical Sciences",NA,NA,NA,NA,NA,NA,NA,NA,NA,NA,NA,NA,NA,NA,NA,NA,NA,NA,NA,NA,NA
"43","N306116410208",2016,"F","Literature","Psychology",NA,NA,NA,NA,NA,NA,NA,NA,NA,NA,NA,NA,NA,NA,NA,NA,NA,NA,NA,NA,NA
"44","N330115421225",2016,"F","Physical Sciences","Physical Sciences",780,790,NA,NA,NA,NA,NA,NA,NA,NA,NA,NA,NA,NA,NA,NA,NA,NA,NA,NA,NA
"45","N338115405224",2016,"F","Philosophy, Politics and Economics","Global Affairs",760,780,NA,NA,NA,NA,NA,NA,NA,NA,NA,NA,NA,NA,NA,NA,NA,NA,NA,NA,NA
"46","N347115402262",2016,"F","Philosophy","Philosophy, Politics and Economics",NA,NA,NA,NA,NA,NA,NA,NA,NA,NA,NA,NA,NA,NA,NA,NA,NA,NA,NA,NA,NA
"47","N344115408262",2016,"F","Urban Studies","Undecided",NA,NA,NA,NA,NA,NA,NA,NA,NA,NA,NA,NA,NA,NA,NA,NA,NA,NA,NA,NA,NA
"48","N342115412262",2016,"M","Mathematical, Computational and Statistical Sciences","Psychology",NA,NA,NA,NA,NA,NA,NA,NA,NA,NA,NA,NA,NA,NA,NA,NA,NA,NA,NA,NA,NA
"49","N370115413224",2016,"M","Physical Sciences","Mathematical, Computational and Statistical Sciences",800,800,NA,NA,NA,NA,NA,NA,NA,NA,NA,NA,NA,NA,NA,NA,NA,NA,NA,NA,NA
"50","N375115425262",2016,"M","Philosophy, Politics and Economics","Economics",NA,NA,NA,NA,NA,NA,NA,NA,NA,NA,NA,NA,NA,NA,NA,NA,NA,NA,NA,NA,NA
"51","N399116413207",2016,"F","Global Affairs","Arts & Humanities",NA,NA,NA,NA,NA,NA,NA,NA,NA,NA,NA,NA,NA,NA,NA,NA,NA,NA,NA,NA,NA
"52","N371115408262",2016,"M","Philosophy, Politics and Economics","Undecided",NA,NA,NA,NA,NA,NA,"C",NA,NA,NA,NA,NA,NA,NA,NA,NA,NA,NA,NA,NA,NA
"53","N329115401225",2016,"M","Philosophy, Politics and Economics","Philosophy",NA,NA,NA,35,NA,NA,NA,NA,NA,NA,NA,NA,NA,NA,NA,NA,NA,NA,NA,NA,NA
"54","N359115423262",2016,"M","Literature","Philosophy, Politics and Economics",NA,NA,NA,NA,NA,NA,NA,NA,NA,NA,NA,NA,NA,NA,NA,NA,NA,NA,NA,NA,NA
"55","N397115423224",2016,"F","Psychology","Life Sciences",760,780,NA,NA,NA,NA,NA,NA,NA,NA,NA,NA,NA,NA,NA,NA,NA,NA,NA,NA,NA
"56","N374115402262",2016,"F","Urban Studies","Life Sciences",NA,NA,NA,NA,NA,NA,"A",NA,NA,NA,NA,NA,NA,NA,NA,NA,NA,NA,NA,NA,NA
"57","N337116402217",2016,"F","Philosophy","Psychology",NA,NA,NA,NA,NA,NA,NA,NA,NA,NA,NA,NA,NA,NA,NA,NA,NA,NA,NA,NA,NA
"58","N317115410225",2016,"F","Arts & Humanities","Literature",NA,NA,NA,36,NA,NA,NA,NA,NA,NA,NA,NA,NA,NA,NA,NA,NA,NA,NA,NA,NA
"59","N378115421262",2016,"F","Economics","Arts & Humanities",NA,NA,NA,NA,NA,NA,"C",NA,NA,NA,NA,NA,NA,NA,NA,NA,NA,NA,NA,NA,NA
"60","N353115410225",2016,"F","Mathematical, Computational and Statistical Sciences","Global Affairs",NA,NA,NA,28,NA,NA,NA,NA,NA,NA,NA,NA,NA,NA,NA,NA,NA,NA,NA,NA,NA
"61","N324115413225",2016,"M","Life Sciences","Economics",740,760,NA,NA,NA,NA,NA,NA,NA,NA,NA,NA,NA,NA,NA,NA,NA,NA,NA,NA,NA
"62","N325116418212",2016,"F","Global Affairs","Philosophy, Politics and Economics",NA,NA,NA,NA,NA,NA,NA,NA,NA,NA,NA,NA,NA,NA,NA,NA,NA,NA,NA,NA,NA
"63","N363114412242",2016,"F","Global Affairs","Literature",NA,NA,NA,NA,NA,NA,"B",NA,NA,NA,NA,NA,NA,NA,NA,NA,NA,NA,NA,NA,NA
"64","N354115405262",2016,"M","Psychology","Physical Sciences",NA,NA,NA,NA,NA,NA,"B","A",NA,NA,NA,NA,NA,NA,NA,NA,NA,NA,NA,NA,NA
"65","N372115405262",2016,"F",NA,"Arts & Humanities",790,800,NA,NA,NA,NA,"A","A",NA,NA,NA,NA,NA,NA,NA,NA,NA,NA,NA,NA,NA
"66","N389115421224",2016,"M","Mathematical, Computational and Statistical Sciences","Physical Sciences",800,800,NA,NA,NA,NA,NA,NA,NA,NA,NA,NA,NA,NA,NA,NA,NA,5,NA,NA,NA
"67","N358115424262",2016,"M","Economics","Philosophy",NA,NA,NA,NA,NA,NA,NA,NA,NA,NA,NA,NA,NA,NA,NA,NA,NA,NA,NA,NA,NA
"68","N366115401224",2016,"F","Arts & Humanities",NA,800,800,NA,NA,NA,NA,NA,NA,NA,NA,NA,NA,NA,NA,NA,NA,NA,NA,NA,NA,NA
"69","N383115402262",2016,"M","Economics","Environmental Studies",NA,NA,NA,NA,NA,NA,NA,NA,NA,NA,NA,NA,NA,NA,NA,NA,NA,NA,NA,NA,NA
"70","N303116414208",2016,"F","Arts & Humanities","Undecided",NA,NA,NA,NA,NA,NA,NA,NA,NA,NA,NA,NA,NA,NA,NA,NA,NA,NA,NA,NA,NA
"71","N330116424222",2016,"F","Global Affairs","Philosophy, Politics and Economics",NA,NA,NA,NA,NA,NA,"C",NA,NA,NA,NA,NA,NA,NA,NA,NA,NA,NA,NA,NA,NA
"72","N339116402215",2016,"F","Arts & Humanities","Physical Sciences",NA,NA,NA,NA,NA,NA,NA,NA,NA,NA,NA,NA,NA,NA,NA,NA,NA,NA,NA,NA,NA
"73","N389115414262",2016,"M","Physical Sciences","Philosophy",NA,NA,NA,NA,NA,NA,NA,NA,NA,NA,NA,NA,NA,NA,NA,NA,NA,NA,NA,NA,NA
"74","N318115402282",2016,"F","Global Affairs","History",NA,NA,NA,NA,NA,NA,"A",NA,NA,NA,NA,NA,NA,NA,NA,NA,NA,NA,NA,NA,NA
"75","N356115402262",2016,"M","Philosophy, Politics and Economics","Global Affairs",NA,NA,NA,NA,NA,NA,NA,NA,NA,NA,NA,NA,NA,NA,NA,NA,NA,NA,NA,NA,NA
"76","N377115423262",2016,"F","Philosophy, Politics and Economics","Global Affairs",NA,NA,NA,NA,NA,NA,NA,NA,NA,NA,NA,NA,NA,NA,NA,NA,NA,NA,NA,NA,NA
"77","N364115408224",2016,"M","Mathematical, Computational and Statistical Sciences","Philosophy, Politics and Economics",800,800,NA,NA,NA,NA,NA,NA,NA,NA,NA,NA,NA,NA,NA,NA,NA,NA,NA,NA,NA
"78","N312116414208",2016,"M","Philosophy, Politics and Economics","Psychology",NA,NA,NA,NA,NA,NA,NA,NA,NA,NA,NA,NA,NA,NA,NA,NA,NA,NA,NA,NA,NA
"79","N399115418224",2016,"F","Life Sciences","Physical Sciences",740,760,NA,NA,NA,NA,NA,NA,NA,NA,NA,NA,NA,NA,NA,NA,NA,NA,NA,NA,NA
"80","N395115425224",2016,"M","Mathematical, Computational and Statistical Sciences","Physical Sciences",750,770,NA,NA,NA,NA,NA,NA,NA,NA,NA,NA,NA,NA,NA,NA,NA,NA,NA,NA,NA
"81","N361115410262",2016,"M","Psychology","Anthropology",NA,NA,NA,NA,NA,NA,NA,NA,NA,NA,NA,NA,NA,NA,NA,NA,NA,NA,NA,NA,NA
"82","N390115410224",2016,"M","Philosophy","Global Affairs",NA,NA,NA,NA,NA,NA,NA,NA,NA,NA,NA,NA,NA,NA,NA,NA,NA,NA,NA,NA,NA
"83","N388115423224",2016,"F","Life Sciences","Mathematical, Computational and Statistical Sciences",800,800,NA,NA,NA,NA,NA,NA,NA,NA,NA,NA,NA,NA,NA,NA,NA,NA,NA,NA,NA
"84","N381115405262",2016,"F","Mathematical, Computational and Statistical Sciences","Global Affairs",800,800,NA,NA,NA,NA,"A",NA,NA,NA,NA,NA,NA,NA,NA,NA,NA,NA,NA,NA,NA
"85","N333115408255",2016,"M","Global Affairs","Economics",NA,NA,NA,NA,NA,NA,NA,NA,NA,NA,NA,NA,NA,NA,NA,NA,NA,NA,NA,NA,NA
"86","N384115401224",2016,"F","Global Affairs",NA,690,720,NA,NA,NA,NA,NA,NA,NA,NA,NA,NA,NA,NA,NA,NA,NA,NA,NA,NA,NA
"87","N393115401224",2016,"F","Global Affairs","Anthropology",NA,NA,NA,28,NA,NA,NA,NA,NA,NA,NA,NA,NA,NA,NA,NA,5,NA,NA,NA,NA
"88","N398115421224",2016,"M","Arts & Humanities","History",NA,NA,NA,NA,NA,NA,NA,NA,NA,NA,NA,NA,NA,NA,NA,NA,NA,NA,NA,NA,NA
"89","N300116408220",2016,"F","Global Affairs","History",NA,NA,NA,NA,NA,NA,NA,NA,NA,NA,NA,NA,NA,NA,NA,NA,NA,NA,NA,NA,NA
"90","N346115408224",2016,"F","Global Affairs","Anthropology",NA,NA,NA,NA,NA,NA,NA,NA,NA,NA,NA,NA,NA,NA,NA,NA,NA,NA,NA,NA,NA
"91","N305115413244",2016,"M","Global Affairs","Undecided",NA,NA,NA,NA,NA,NA,NA,NA,NA,NA,NA,NA,NA,NA,NA,NA,NA,NA,NA,NA,NA
"92","N355115401262",2016,"M","Literature","Arts & Humanities",NA,NA,NA,NA,NA,NA,NA,NA,NA,NA,NA,NA,NA,NA,NA,NA,NA,NA,NA,NA,NA
"93","N309116401208",2016,"M","Environmental Studies","Philosophy, Politics and Economics",750,770,NA,NA,NA,NA,NA,NA,NA,NA,NA,NA,NA,NA,NA,NA,NA,NA,NA,NA,NA
"94","N343115413224",2016,"F","Literature","Physical Sciences",780,790,NA,NA,NA,NA,NA,NA,NA,NA,NA,NA,NA,NA,NA,NA,NA,NA,NA,NA,NA
"95","N394116424207",2016,"F","Psychology","Philosophy, Politics and Economics",NA,NA,NA,NA,NA,NA,NA,NA,NA,NA,NA,NA,NA,NA,NA,NA,NA,NA,NA,NA,NA
"96","N352115412225",2016,"M","Economics","Physical Sciences",NA,NA,NA,NA,NA,NA,NA,NA,NA,NA,NA,NA,NA,NA,NA,NA,NA,NA,NA,NA,NA
"97","N388115418262",2016,"F","Psychology","Economics",730,760,NA,NA,NA,NA,NA,NA,NA,NA,NA,NA,NA,NA,NA,NA,NA,NA,NA,NA,NA
"98","N360115414224",2016,"M","Philosophy, Politics and Economics","Economics",780,790,NA,NA,NA,NA,NA,NA,NA,NA,NA,NA,NA,NA,NA,NA,NA,NA,NA,NA,NA
"99","N353115408262",2016,"M","Psychology","Physical Sciences",NA,NA,NA,NA,NA,NA,NA,NA,NA,NA,NA,NA,NA,NA,NA,NA,NA,NA,NA,NA,NA
"100","N320115423225",2016,"F","Literature","Anthropology",760,780,NA,NA,NA,NA,NA,NA,NA,NA,NA,NA,NA,NA,NA,NA,NA,NA,NA,NA,NA
"101","N311115423225",2016,"F","Philosophy, Politics and Economics","Global Affairs",730,760,NA,NA,NA,NA,NA,NA,NA,NA,NA,NA,NA,NA,NA,NA,NA,NA,NA,NA,NA
"102","N337115405225",2016,"F","Global Affairs","Anthropology",650,670,NA,NA,NA,NA,NA,NA,NA,NA,NA,NA,NA,NA,NA,NA,NA,NA,NA,NA,NA
"103","N386115423262",2016,"M","Literature","Arts & Humanities",NA,NA,NA,NA,NA,NA,NA,NA,NA,NA,NA,NA,NA,NA,NA,NA,NA,NA,NA,NA,NA
"104","N301115424225",2016,"M","Mathematical, Computational and Statistical Sciences","Economics",800,800,NA,NA,NA,NA,NA,NA,NA,NA,NA,NA,NA,NA,NA,NA,NA,NA,NA,4,NA
"105","N398116414207",2016,"M","History","Psychology",NA,NA,NA,NA,NA,NA,NA,NA,NA,NA,NA,NA,NA,NA,NA,NA,NA,NA,NA,NA,NA
"106","N394115402224",2016,"M","Environmental Studies","Undecided",NA,NA,NA,NA,NA,NA,NA,NA,NA,NA,NA,NA,NA,NA,NA,NA,NA,NA,NA,NA,NA
"107","N315115413225",2016,"M","Economics","Undecided",NA,NA,NA,NA,NA,NA,NA,NA,NA,NA,NA,NA,NA,NA,NA,NA,NA,NA,NA,NA,NA
"108","N380115408262",2016,"F","Undecided","Undecided",NA,NA,NA,NA,NA,NA,"A","A",NA,NA,NA,NA,NA,NA,NA,NA,NA,NA,NA,NA,NA
"109","N335116405217",2016,"M","Environmental Studies","Life Sciences",640,660,NA,NA,NA,NA,NA,NA,NA,NA,NA,NA,NA,NA,NA,NA,NA,NA,NA,NA,NA
"110","N341115413262",2016,"M","Philosophy, Politics and Economics","Arts & Humanities",NA,NA,NA,NA,NA,NA,NA,NA,NA,NA,NA,NA,NA,NA,NA,NA,NA,NA,NA,NA,NA
"111","N381115410224",2016,"F","Economics","Arts & Humanities",700,730,NA,NA,NA,NA,NA,NA,NA,NA,NA,NA,NA,NA,NA,NA,5,NA,NA,NA,NA
"112","N336116408215",2016,"F","Economics","Anthropology",NA,NA,NA,NA,NA,NA,NA,NA,NA,NA,NA,NA,NA,NA,NA,NA,NA,NA,NA,NA,NA
"113","N353115412224",2016,"M","Philosophy, Politics and Economics","Arts & Humanities",790,800,NA,NA,NA,NA,NA,NA,NA,NA,NA,NA,NA,NA,NA,NA,NA,NA,NA,NA,NA
"114","N343116412215",2016,"F","Literature","Psychology",780,790,NA,NA,NA,NA,NA,NA,NA,NA,NA,NA,NA,NA,NA,NA,NA,NA,NA,NA,NA
"115","N368115423262",2016,"M","Psychology","Philosophy, Politics and Economics",NA,NA,NA,NA,NA,NA,NA,NA,NA,NA,NA,NA,NA,NA,NA,NA,NA,NA,NA,NA,NA
"116","N339115402225",2016,"F","Life Sciences","Physical Sciences",770,780,NA,35,NA,NA,NA,NA,NA,NA,NA,NA,NA,NA,NA,NA,NA,NA,NA,NA,NA
"117","N348115402225",2016,"F","Economics","Global Affairs",NA,NA,NA,NA,NA,NA,NA,NA,NA,NA,NA,NA,NA,NA,NA,NA,NA,NA,NA,NA,NA
"118","N300115425225",2016,"F","Philosophy, Politics and Economics","Arts & Humanities",650,670,NA,NA,NA,NA,NA,NA,NA,NA,NA,NA,NA,NA,NA,NA,NA,NA,NA,NA,NA
"119","N343115412225",2016,"F","Life Sciences","Global Affairs",760,780,NA,30,NA,NA,NA,NA,NA,NA,NA,NA,NA,NA,NA,NA,NA,NA,NA,NA,NA
"120","N378115424224",2016,"F","Global Affairs","Philosophy, Politics and Economics",800,800,NA,NA,NA,NA,NA,NA,NA,NA,NA,NA,NA,NA,NA,NA,NA,NA,NA,NA,NA
"121","N387115421262",2016,"F","Literature","Global Affairs",NA,NA,NA,NA,NA,NA,"A",NA,NA,NA,NA,NA,NA,NA,NA,NA,NA,NA,NA,NA,NA
"122","N357115401224",2016,"F","Life Sciences","Economics",690,720,NA,NA,NA,NA,NA,NA,NA,NA,NA,NA,NA,NA,NA,NA,NA,NA,NA,NA,NA
"123","N338115402262",2016,"F","Undecided","Urban Studies",NA,NA,NA,NA,NA,NA,"A",NA,NA,NA,NA,NA,NA,NA,NA,NA,NA,NA,NA,NA,NA
"124","N396115424224",2016,"F","Literature","Economics",750,770,NA,NA,NA,NA,NA,NA,NA,NA,NA,NA,NA,NA,NA,NA,NA,NA,NA,NA,NA
"125","N327115408225",2016,"F","Physical Sciences","Life Sciences",NA,NA,NA,NA,NA,NA,NA,NA,NA,NA,NA,NA,NA,NA,NA,NA,NA,NA,NA,NA,NA
"126","N319115405225",2016,"F","Mathematical, Computational and Statistical Sciences","Economics",NA,NA,NA,36,NA,NA,NA,NA,NA,NA,NA,NA,NA,NA,NA,NA,5,NA,NA,NA,NA
"127","N342116413215",2016,"F","Environmental Studies","Urban Studies",NA,NA,NA,NA,NA,NA,NA,NA,NA,NA,NA,NA,NA,NA,NA,NA,NA,NA,NA,NA,NA
"128","N390115405262",2016,"M","Philosophy, Politics and Economics","Economics",NA,NA,NA,NA,NA,NA,NA,NA,NA,NA,NA,NA,NA,NA,NA,NA,NA,NA,NA,NA,NA
"129","N310115401240",2016,"F","Life Sciences","Physical Sciences",790,800,NA,NA,NA,NA,NA,NA,NA,NA,NA,NA,NA,NA,NA,NA,5,NA,NA,NA,NA
"130","N377116425223",2016,"F","Urban Studies","Anthropology",NA,NA,NA,NA,NA,NA,NA,NA,NA,NA,NA,NA,NA,NA,NA,NA,NA,NA,NA,NA,NA
"131","N355115408224",2016,"F","Mathematical, Computational and Statistical Sciences","Philosophy",770,780,NA,NA,NA,NA,NA,NA,NA,NA,NA,NA,NA,NA,NA,NA,NA,NA,NA,NA,NA
"132","N337115401262",2016,"M","Literature","Philosophy",NA,NA,NA,NA,NA,NA,NA,NA,NA,NA,NA,NA,NA,NA,NA,NA,NA,NA,NA,NA,NA
"133","N341115414225",2016,"M","Philosophy, Politics and Economics","Philosophy",NA,NA,NA,NA,NA,NA,NA,NA,NA,NA,NA,NA,NA,NA,NA,NA,NA,NA,NA,NA,NA
"134","N336115405262",2016,"M","Psychology","Literature",NA,NA,NA,NA,NA,NA,NA,NA,NA,NA,NA,NA,NA,NA,NA,NA,NA,NA,NA,NA,NA
"135","N367115424262",2016,"F","Arts & Humanities","Global Affairs",NA,NA,NA,NA,"A",NA,NA,NA,NA,NA,NA,NA,NA,NA,NA,NA,NA,NA,NA,NA,NA
"136","N372115410224",2016,"M","Mathematical, Computational and Statistical Sciences","Psychology",780,790,NA,36,NA,NA,NA,NA,NA,NA,NA,NA,NA,NA,NA,NA,NA,NA,NA,NA,NA
"137","N332115412272",2016,"F","Psychology","Global Affairs",NA,NA,NA,NA,NA,NA,"A",NA,NA,NA,NA,NA,NA,NA,NA,NA,NA,NA,NA,NA,NA
"138","N340115421224",2016,"M","Philosophy, Politics and Economics",NA,NA,NA,NA,NA,NA,NA,NA,NA,NA,NA,NA,NA,NA,NA,NA,NA,NA,NA,NA,NA,NA
"139","N340116418215",2016,"F","Arts & Humanities","Psychology",NA,NA,NA,NA,NA,NA,NA,NA,NA,NA,NA,NA,NA,NA,NA,NA,NA,NA,NA,NA,NA
"140","N366115425262",2016,"F","Philosophy","Literature",NA,NA,NA,NA,NA,NA,"A",NA,NA,NA,NA,NA,NA,NA,NA,NA,NA,NA,NA,NA,NA
"141","N373115408224",2016,"F","Physical Sciences","Arts & Humanities",740,760,NA,NA,NA,NA,NA,NA,NA,NA,NA,NA,NA,NA,NA,NA,NA,NA,NA,NA,NA
"142","N308116405208",2016,"M","Urban Studies","Anthropology",760,780,NA,NA,NA,NA,NA,NA,NA,NA,NA,NA,NA,NA,NA,NA,NA,NA,NA,NA,NA
"143","N355115405225",2016,"M","Environmental Studies","Economics",NA,NA,NA,35,NA,NA,NA,NA,NA,NA,NA,NA,NA,NA,NA,NA,NA,NA,NA,NA,NA
"144","N340115414262",2016,"M","Literature","Arts & Humanities",NA,NA,NA,NA,NA,NA,NA,NA,NA,NA,NA,NA,NA,NA,NA,NA,NA,NA,NA,NA,NA
"145","N368115425224",2016,"M","Global Affairs","Economics",680,710,NA,NA,NA,NA,NA,NA,NA,NA,NA,NA,NA,NA,NA,NA,NA,NA,NA,NA,NA
"146","N303115421225",2016,"M","Economics","Global Affairs",700,730,NA,NA,NA,NA,NA,NA,NA,NA,NA,NA,NA,NA,NA,NA,NA,NA,NA,NA,NA
"147","N376115402224",2016,"M","Anthropology","Urban Studies",800,800,NA,NA,NA,NA,NA,NA,NA,NA,NA,NA,NA,NA,NA,NA,NA,NA,NA,NA,NA
"148","N313115418225",2016,"F","Environmental Studies","Philosophy, Politics and Economics",NA,NA,NA,33,NA,NA,NA,NA,NA,NA,NA,NA,NA,NA,NA,NA,NA,NA,NA,NA,NA
"149","N319115424283",2016,"F","Philosophy, Politics and Economics","Undecided",NA,NA,NA,NA,NA,NA,"B","B",NA,NA,NA,NA,NA,NA,NA,NA,NA,NA,NA,NA,NA
"150","N337115408224",2016,"M","Economics","Mathematical, Computational and Statistical Sciences",780,790,NA,NA,NA,NA,NA,NA,NA,NA,NA,NA,NA,NA,NA,NA,NA,NA,NA,NA,NA
"151","N346115405225",2016,"M","Psychology","Undecided",NA,NA,NA,NA,NA,NA,NA,NA,NA,NA,NA,NA,NA,NA,NA,NA,NA,NA,NA,NA,NA
"152","N375115401224",2016,"M","Physical Sciences","Global Affairs",800,800,NA,NA,NA,NA,NA,NA,NA,NA,NA,NA,NA,NA,NA,NA,NA,NA,NA,NA,NA
"153","N369115421262",2016,"F","Philosophy, Politics and Economics","Mathematical, Computational and Statistical Sciences",790,800,NA,NA,NA,NA,NA,NA,NA,NA,NA,NA,NA,NA,NA,NA,NA,NA,NA,NA,NA
"154","N311116418208",2016,"F","Philosophy, Politics and Economics","Global Affairs",NA,NA,NA,NA,NA,NA,"A",NA,NA,NA,NA,NA,NA,NA,NA,NA,NA,NA,NA,NA,NA
"155","N370115410262",2016,"M","Philosophy, Politics and Economics","Literature",NA,NA,NA,NA,NA,NA,NA,NA,NA,NA,NA,NA,NA,NA,NA,NA,NA,NA,NA,NA,NA
"156","N377115425224",2016,"M","Physical Sciences","Global Affairs",790,800,NA,NA,NA,NA,NA,NA,NA,NA,NA,NA,NA,NA,NA,NA,NA,NA,NA,NA,NA
"157","N384115425262",2016,"M","Philosophy, Politics and Economics","Global Affairs",730,760,NA,NA,NA,NA,"B",NA,NA,NA,NA,NA,NA,NA,NA,NA,NA,NA,NA,NA,NA
"158","N339115401224",2016,"F","Arts & Humanities","Life Sciences",760,780,NA,35,NA,NA,NA,NA,NA,NA,NA,NA,NA,NA,NA,NA,NA,NA,NA,NA,NA
"159","N351115413225",2016,"F","Mathematical, Computational and Statistical Sciences",NA,730,760,NA,NA,NA,NA,NA,NA,NA,NA,NA,NA,NA,NA,NA,NA,NA,NA,NA,NA,NA
"160","N306115413225",2016,"F","Mathematical, Computational and Statistical Sciences","Economics",710,740,NA,NA,NA,NA,NA,NA,NA,NA,NA,NA,NA,NA,NA,NA,NA,4,NA,NA,NA
"161","N312115421225",2016,"F","Psychology","Literature",NA,NA,NA,NA,NA,NA,NA,NA,NA,NA,NA,NA,NA,NA,NA,NA,NA,NA,NA,NA,NA
"162","N393116425207",2016,"M","Arts & Humanities","Anthropology",NA,NA,NA,NA,NA,NA,NA,NA,NA,NA,NA,NA,NA,NA,NA,NA,NA,NA,NA,NA,NA
"163","N395116423207",2016,"F","Literature","Arts & Humanities",NA,NA,NA,NA,"A",NA,NA,NA,NA,NA,NA,NA,NA,NA,NA,NA,NA,NA,NA,NA,NA
"164","N354115410224",2016,"M","Philosophy, Politics and Economics","Economics",NA,NA,NA,NA,NA,NA,NA,NA,NA,NA,NA,NA,NA,NA,NA,NA,NA,NA,NA,NA,NA
"165","N350115413262",2016,"M","Literature","Anthropology",NA,NA,NA,NA,NA,NA,NA,NA,NA,NA,NA,NA,NA,NA,NA,NA,NA,NA,NA,NA,NA
"166","N343115410262",2016,"F","Economics","Global Affairs",NA,NA,NA,NA,NA,NA,"A",NA,NA,NA,NA,NA,NA,NA,NA,NA,NA,NA,NA,NA,NA
"167","N382115408224",2016,"F","History","Physical Sciences",NA,NA,NA,NA,NA,NA,NA,NA,NA,NA,NA,NA,NA,NA,NA,NA,NA,NA,NA,NA,NA
"168","N379115418262",2016,"M","Global Affairs","Philosophy, Politics and Economics",NA,NA,NA,NA,NA,NA,NA,NA,NA,NA,NA,NA,NA,NA,NA,NA,NA,NA,NA,NA,NA
"169","N364115401262",2016,"M","Environmental Studies","Global Affairs",NA,NA,NA,NA,NA,NA,NA,NA,NA,NA,NA,NA,NA,NA,NA,NA,NA,NA,NA,NA,NA
"170","N348115401224",2016,"M","Economics","Physical Sciences",700,730,NA,NA,NA,NA,NA,NA,NA,NA,NA,NA,NA,NA,NA,NA,NA,NA,NA,NA,NA
"171","N344115412224",2016,"M","Physical Sciences","Philosophy, Politics and Economics",760,780,NA,NA,NA,NA,NA,NA,NA,NA,NA,NA,NA,NA,NA,NA,NA,NA,NA,NA,NA
"172","N309115413240",2016,"F","Anthropology","Undecided",NA,NA,NA,NA,NA,NA,NA,NA,NA,NA,NA,NA,NA,NA,NA,NA,NA,NA,NA,NA,NA
"173","N374115405224",2016,"F","Undecided","Undecided",NA,NA,NA,32,NA,NA,NA,NA,NA,NA,NA,NA,NA,NA,NA,NA,NA,NA,NA,NA,NA
"174","N305116412208",2016,"M","Global Affairs","Philosophy, Politics and Economics",NA,NA,NA,NA,NA,NA,NA,NA,NA,NA,NA,NA,NA,NA,NA,NA,NA,NA,NA,NA,NA
"175","N351113418261",2016,"M","Anthropology","Mathematical, Computational and Statistical Sciences",800,800,NA,NA,NA,NA,NA,NA,NA,NA,NA,NA,NA,NA,NA,NA,NA,NA,NA,NA,NA
"176","N332115414225",2016,"F","Literature","Life Sciences",800,800,NA,NA,NA,NA,NA,NA,NA,NA,NA,NA,NA,NA,NA,NA,NA,NA,NA,NA,NA
"177","N325115412225",2016,"M","Psychology",NA,780,790,NA,NA,NA,NA,NA,NA,NA,NA,NA,NA,NA,NA,NA,NA,NA,NA,NA,NA,NA
"178","N313116413208",2016,"M","Economics","Philosophy, Politics and Economics",NA,NA,NA,NA,NA,NA,NA,NA,NA,NA,NA,NA,NA,NA,NA,NA,NA,NA,NA,NA,NA
"179","N335115410225",2016,"M","Philosophy, Politics and Economics","Philosophy",770,780,NA,NA,NA,NA,NA,NA,NA,NA,NA,NA,NA,NA,NA,NA,NA,NA,NA,NA,NA
"180","N342115414224",2016,"F","Philosophy, Politics and Economics","Arts & Humanities",NA,NA,NA,29,NA,NA,NA,NA,NA,NA,NA,NA,NA,NA,NA,NA,NA,NA,NA,NA,NA
"181","N369115424224",2016,"F","Physical Sciences","Environmental Studies",740,760,NA,NA,NA,NA,NA,NA,NA,NA,NA,NA,NA,NA,NA,NA,NA,NA,NA,NA,NA
"182","N312115425240",2016,"M","Environmental Studies","Physical Sciences",NA,NA,NA,NA,NA,NA,NA,NA,NA,NA,NA,NA,NA,NA,NA,NA,NA,NA,NA,NA,NA
"183","N338113408261",2016,"F","Psychology","Global Affairs",780,790,NA,NA,NA,NA,NA,NA,NA,NA,NA,NA,NA,NA,NA,NA,NA,NA,NA,NA,NA
"184","N342115413225",2016,"M","Global Affairs","Philosophy, Politics and Economics",NA,NA,NA,NA,NA,NA,NA,NA,NA,NA,NA,NA,NA,NA,NA,NA,NA,NA,NA,NA,NA
"185","N392115405224",2016,"F","Economics","Undecided",NA,NA,NA,NA,NA,NA,NA,NA,NA,NA,NA,NA,NA,NA,NA,NA,NA,NA,NA,NA,NA
"186","N360115412262",2016,"F","Economics","Global Affairs",NA,NA,NA,NA,NA,NA,"B",NA,NA,NA,NA,NA,NA,NA,NA,NA,NA,NA,NA,NA,NA
"187","N352115413224",2016,"F","Global Affairs","Psychology",800,800,NA,NA,NA,NA,NA,NA,NA,NA,NA,NA,NA,NA,NA,NA,NA,NA,NA,NA,NA
"188","N385115402224",2016,"F","Anthropology","Arts & Humanities",NA,NA,NA,NA,NA,NA,NA,NA,NA,NA,NA,NA,NA,NA,NA,NA,NA,NA,NA,NA,NA
"189","N310116421208",2016,"F","Anthropology","Literature",740,760,NA,NA,NA,NA,NA,NA,NA,NA,NA,NA,NA,NA,NA,NA,NA,NA,NA,NA,NA
"190","N350115414225",2016,"M","Mathematical, Computational and Statistical Sciences","Philosophy, Politics and Economics",760,780,NA,NA,NA,NA,NA,NA,NA,NA,NA,NA,NA,NA,NA,NA,NA,NA,NA,NA,NA
"191","N347115401225",2016,"M","Psychology","Undecided",NA,NA,NA,NA,NA,NA,NA,NA,NA,NA,NA,NA,NA,NA,NA,NA,NA,NA,NA,NA,NA
"192","N359115425224",2016,"F","Philosophy, Politics and Economics","Economics",800,800,NA,NA,NA,NA,NA,NA,NA,NA,NA,NA,NA,NA,NA,NA,NA,NA,NA,NA,NA
"193","N339115425262",2016,"M","Economics","Philosophy, Politics and Economics",690,720,NA,NA,"A",NA,NA,NA,NA,NA,NA,NA,NA,NA,NA,NA,NA,NA,NA,NA,NA
"194","N391115408224",2016,"F","Economics","Mathematical, Computational and Statistical Sciences",NA,NA,NA,NA,NA,NA,NA,NA,NA,NA,NA,NA,NA,NA,NA,NA,NA,NA,NA,NA,NA
"195","N341116414215",2016,"F","Psychology","Anthropology",NA,NA,NA,NA,NA,NA,NA,NA,NA,NA,NA,NA,NA,NA,NA,NA,NA,NA,NA,NA,NA
"196","N349115425225",2016,"F","Life Sciences","Philosophy, Politics and Economics",700,730,NA,NA,NA,NA,NA,NA,NA,NA,NA,NA,NA,NA,NA,NA,NA,NA,NA,NA,NA
"197","N338116401215",2016,"F","Philosophy, Politics and Economics","Literature",NA,NA,NA,NA,NA,NA,NA,NA,NA,NA,NA,NA,NA,NA,NA,NA,NA,NA,NA,NA,NA
"198","N349115402224",2016,"F","Economics","Literature",720,750,NA,NA,NA,NA,NA,NA,NA,NA,NA,NA,NA,NA,NA,NA,NA,NA,NA,NA,NA
"199","N356110408273",2016,"M","Physical Sciences","Environmental Studies",NA,NA,NA,NA,NA,NA,NA,NA,NA,NA,NA,NA,NA,NA,NA,NA,NA,NA,NA,NA,NA
"200","N334115412225",2016,"F","Arts & Humanities","Arts & Humanities",630,650,NA,NA,NA,NA,NA,NA,NA,NA,NA,NA,NA,NA,NA,NA,NA,NA,NA,NA,NA
"201","N301116421208",2016,"M","Economics","Mathematical, Computational and Statistical Sciences",NA,NA,NA,NA,NA,NA,NA,NA,NA,NA,NA,NA,NA,NA,NA,NA,NA,NA,NA,NA,NA
"202","N362115408262",2016,"M","Literature","Undecided",800,800,NA,NA,NA,NA,NA,NA,NA,NA,NA,NA,NA,NA,NA,NA,NA,NA,NA,NA,NA
"203","N345115405262",2016,"F","Urban Studies","Environmental Studies",NA,NA,NA,NA,NA,NA,"A",NA,NA,NA,NA,NA,NA,NA,NA,NA,NA,NA,NA,NA,NA
"204","N386117402203",2017,"M","Environmental Studies","Physical Sciences",NA,NA,NA,35,NA,NA,NA,NA,NA,NA,NA,NA,NA,NA,NA,NA,NA,NA,NA,NA,NA
"205","N393117425215",2017,"F","Literature","Arts & Humanities",NA,NA,NA,NA,"B",NA,NA,NA,NA,NA,NA,NA,NA,NA,NA,NA,NA,NA,NA,NA,NA
"206","N372117405215",2017,"M","Global Affairs","History",NA,NA,NA,NA,NA,NA,NA,NA,NA,NA,NA,NA,NA,NA,NA,NA,NA,NA,NA,NA,NA
"207","N343117414203",2017,"M","Economics","Philosophy, Politics and Economics",NA,NA,NA,36,NA,NA,NA,NA,NA,NA,NA,NA,NA,NA,NA,NA,NA,4,NA,NA,NA
"208","N324117405245",2017,"M","Philosophy, Politics and Economics","Anthropology",NA,NA,NA,35,NA,NA,NA,NA,NA,NA,NA,7,NA,NA,NA,NA,NA,NA,NA,NA,NA
"209","N301116405296",2017,"F","Global Affairs","Philosophy, Politics and Economics",NA,NA,NA,NA,NA,NA,NA,NA,NA,NA,6,NA,NA,NA,NA,NA,NA,NA,NA,NA,NA
"210","N309117410204",2017,"M","Life Sciences","Physical Sciences",NA,NA,NA,34,NA,NA,NA,NA,NA,NA,NA,NA,NA,NA,NA,NA,4,NA,NA,NA,NA
"211","N318117410204",2017,"F","Life Sciences","Psychology",NA,NA,790,NA,NA,NA,NA,NA,NA,NA,7,NA,NA,NA,NA,NA,NA,NA,NA,NA,NA
"212","N349117424215",2017,"F","Global Affairs","Economics",670,700,780,35,NA,NA,"A",NA,NA,NA,NA,NA,NA,NA,NA,NA,NA,NA,NA,NA,NA
"213","N322117421204",2017,"F","Mathematical, Computational and Statistical Sciences","Economics",NA,NA,750,NA,NA,NA,NA,NA,NA,NA,NA,NA,NA,NA,NA,NA,NA,NA,NA,NA,NA
"214","N322116425296",2017,"F","Economics","Environmental Studies",NA,NA,NA,33,NA,NA,NA,NA,NA,NA,NA,NA,NA,NA,NA,NA,NA,NA,NA,NA,NA
"215","N398117418214",2017,"M","Global Affairs","Philosophy, Politics and Economics",NA,NA,NA,NA,NA,NA,NA,NA,NA,NA,NA,NA,NA,NA,NA,NA,NA,NA,NA,NA,NA
"216","N376117401203",2017,"F","Life Sciences","Environmental Studies",620,640,NA,NA,NA,NA,NA,NA,NA,NA,NA,NA,NA,NA,NA,NA,NA,NA,NA,NA,NA
"217","N338117408203",2017,"M","Economics","Mathematical, Computational and Statistical Sciences",740,760,NA,NA,NA,NA,NA,NA,NA,NA,NA,NA,NA,NA,NA,NA,NA,NA,NA,NA,NA
"218","N327116414296",2017,"F","Global Affairs","Psychology",NA,NA,NA,NA,NA,NA,NA,NA,NA,NA,6,NA,NA,NA,NA,NA,NA,NA,NA,NA,NA
"219","N301115412200",2017,"F","Urban Studies","Physical Sciences",NA,NA,NA,NA,NA,NA,"A",NA,NA,NA,NA,NA,NA,NA,NA,NA,NA,NA,NA,NA,NA
"220","N349117401203",2017,"F","Life Sciences","Psychology",660,690,NA,NA,NA,NA,NA,NA,NA,NA,7,NA,NA,NA,NA,NA,NA,NA,NA,NA,NA
"221","N307116421296",2017,"F","Psychology","Philosophy, Politics and Economics",NA,NA,NA,NA,NA,NA,NA,NA,NA,NA,NA,NA,NA,NA,NA,NA,NA,NA,NA,NA,NA
"222","N348117425215",2017,"F","Philosophy, Politics and Economics","Anthropology",NA,NA,710,NA,NA,NA,"A",NA,NA,NA,NA,NA,NA,NA,NA,NA,NA,NA,NA,NA,NA
"223","N307117410215",2017,"M","Literature","Undecided",NA,NA,NA,NA,NA,NA,NA,NA,NA,NA,NA,NA,NA,NA,NA,NA,NA,NA,NA,NA,NA
"224","N344117413203",2017,"M","Psychology","Mathematical, Computational and Statistical Sciences",NA,NA,NA,36,NA,NA,NA,NA,NA,NA,NA,NA,NA,NA,NA,NA,NA,NA,4,NA,NA
"225","N385117401203",2017,"F","Economics","Philosophy, Politics and Economics",720,750,NA,NA,NA,NA,NA,NA,NA,NA,NA,7,NA,NA,NA,NA,NA,NA,NA,NA,NA
"226","N397116401295",2017,"F","Philosophy, Politics and Economics","Arts & Humanities",NA,NA,NA,NA,NA,NA,NA,NA,NA,NA,NA,NA,NA,NA,NA,NA,NA,NA,NA,NA,NA
"227","N360117418203",2017,"M","Philosophy, Politics and Economics","Economics",NA,NA,NA,35,NA,NA,NA,NA,NA,NA,NA,NA,NA,NA,NA,NA,NA,NA,NA,NA,NA
"228","N361117410215",2017,"M","Arts & Humanities","Literature",NA,NA,NA,NA,NA,NA,NA,NA,NA,NA,NA,NA,NA,NA,NA,NA,NA,NA,NA,NA,NA
"229","N349111425274",2017,"M","Physical Sciences","Philosophy, Politics and Economics",NA,NA,NA,NA,NA,NA,NA,NA,NA,NA,NA,NA,NA,NA,NA,NA,NA,5,NA,NA,NA
"230","N358117424215",2017,"M","Physical Sciences","Global Affairs",NA,NA,NA,NA,NA,NA,NA,NA,NA,NA,NA,NA,NA,NA,NA,NA,NA,NA,NA,NA,NA
"231","N341117408209",2017,"F","Life Sciences","Literature",NA,NA,NA,NA,NA,NA,"C",NA,NA,NA,NA,NA,NA,NA,NA,NA,NA,NA,NA,NA,NA
"232","N314117410271",2017,"M","Philosophy, Politics and Economics","Global Affairs",NA,NA,NA,NA,NA,NA,"C",NA,NA,NA,NA,NA,NA,NA,NA,NA,NA,NA,NA,NA,NA
"233","N364117401215",2017,"M","Philosophy, Politics and Economics","Global Affairs",NA,NA,NA,NA,NA,NA,"A",NA,NA,NA,NA,NA,NA,NA,NA,NA,NA,NA,NA,NA,NA
"234","N343117401209",2017,"M","Philosophy, Politics and Economics","Global Affairs",NA,NA,NA,NA,NA,NA,"A",NA,NA,NA,NA,NA,NA,NA,NA,NA,NA,NA,NA,NA,NA
"235","N335117405243",2017,"F","Anthropology","Life Sciences",NA,NA,NA,NA,NA,NA,NA,NA,NA,NA,NA,NA,NA,NA,NA,NA,NA,NA,NA,NA,NA
"236","N310117425204",2017,"F","Physical Sciences",NA,760,780,NA,NA,NA,NA,NA,NA,NA,NA,NA,NA,NA,NA,NA,NA,NA,NA,NA,NA,NA
"237","N357117405203",2017,"F","Life Sciences","Life Sciences",NA,NA,720,NA,NA,NA,NA,NA,NA,NA,6,NA,NA,NA,NA,NA,NA,NA,NA,NA,NA
"238","N363117412203",2017,"M","Anthropology","Philosophy",NA,NA,620,NA,NA,NA,NA,NA,NA,NA,NA,NA,NA,NA,NA,NA,NA,NA,NA,NA,NA
"239","N353117408215",2017,"F","Literature","Anthropology",NA,NA,NA,NA,"B",NA,NA,NA,NA,NA,NA,NA,NA,NA,NA,NA,NA,NA,NA,NA,NA
"240","N379117418215",2017,"F","Global Affairs","Economics",NA,NA,NA,NA,NA,NA,"A",NA,NA,NA,NA,NA,NA,NA,NA,NA,NA,NA,NA,NA,NA
"241","N384117425215",2017,"M","Arts & Humanities","Global Affairs",NA,NA,NA,NA,NA,NA,NA,NA,NA,NA,NA,NA,NA,NA,NA,NA,NA,NA,NA,NA,NA
"242","N327116418295",2017,"F","Undecided","Undecided",NA,NA,NA,NA,NA,NA,NA,NA,NA,NA,NA,NA,NA,NA,NA,NA,NA,NA,NA,NA,NA
"243","N327117410204",2017,"F","Mathematical, Computational and Statistical Sciences","Economics",NA,NA,800,NA,NA,NA,NA,NA,NA,NA,NA,NA,NA,NA,NA,NA,NA,NA,NA,NA,NA
"244","N335115424200",2017,"F","Psychology","Global Affairs",780,790,NA,NA,NA,NA,"A",NA,NA,NA,NA,NA,NA,NA,NA,NA,NA,NA,NA,NA,NA
"245","N389117423203",2017,"F","Mathematical, Computational and Statistical Sciences","Life Sciences",750,770,NA,NA,NA,NA,NA,NA,NA,NA,NA,NA,NA,NA,NA,NA,NA,NA,NA,NA,NA
"246","N309116414296",2017,"M","Global Affairs","History",NA,NA,NA,NA,NA,NA,NA,NA,NA,NA,NA,NA,NA,NA,NA,NA,NA,NA,NA,NA,NA
"247","N329116413295",2017,"F","Life Sciences","Life Sciences",800,800,760,NA,NA,NA,NA,NA,NA,NA,NA,NA,NA,NA,NA,NA,NA,NA,NA,NA,NA
"248","N334117413204",2017,"F","Psychology","Philosophy, Politics and Economics",NA,NA,740,NA,NA,NA,NA,NA,NA,NA,NA,NA,NA,NA,NA,NA,NA,NA,NA,NA,NA
"249","N325117413204",2017,"M","Physical Sciences","Arts & Humanities",NA,NA,680,NA,NA,NA,NA,NA,NA,NA,NA,NA,NA,NA,NA,NA,NA,NA,NA,NA,NA
"250","N395117424214",2017,"F","Arts & Humanities","Physical Sciences",NA,NA,NA,NA,NA,NA,"A","A",NA,NA,NA,NA,NA,NA,NA,NA,NA,NA,NA,NA,NA
"251","N337117408204",2017,"M","Philosophy, Politics and Economics","Urban Studies",730,760,NA,NA,NA,NA,NA,NA,NA,NA,NA,NA,NA,NA,NA,NA,NA,NA,NA,NA,NA
"252","N378116402288",2017,"M","History","Philosophy, Politics and Economics",NA,NA,NA,32,NA,NA,NA,NA,NA,NA,NA,NA,NA,NA,NA,NA,NA,NA,NA,NA,NA
"253","N324116424295",2017,"M","Psychology","Arts & Humanities",NA,NA,NA,NA,NA,NA,NA,NA,NA,NA,NA,NA,NA,NA,NA,NA,NA,NA,NA,NA,NA
"254","N352117410215",2017,"F","Environmental Studies","Urban Studies",NA,NA,NA,NA,NA,NA,"A","A",NA,NA,NA,NA,NA,NA,NA,NA,NA,NA,NA,NA,NA
"255","N315116423296",2017,"F","Urban Studies","Psychology",NA,NA,NA,NA,NA,NA,NA,NA,NA,NA,NA,NA,NA,NA,NA,NA,NA,NA,NA,NA,NA
"256","N388117424203",2017,"M","Psychology","Philosophy, Politics and Economics",NA,NA,NA,NA,NA,NA,NA,NA,NA,NA,NA,NA,NA,NA,NA,NA,NA,3,NA,NA,NA
"257","N323116425295",2017,"M","Philosophy, Politics and Economics","Arts & Humanities",NA,NA,NA,NA,NA,NA,NA,NA,NA,NA,NA,NA,NA,NA,NA,NA,NA,NA,NA,NA,NA
"258","N368117423215",2017,"M","Economics","Global Affairs",NA,NA,NA,NA,NA,NA,"A","A",NA,NA,NA,NA,NA,NA,NA,NA,NA,NA,NA,NA,NA
"259","N320117424204",2017,"F","Global Affairs","Philosophy, Politics and Economics",NA,NA,670,NA,NA,NA,NA,NA,NA,NA,NA,NA,NA,NA,NA,NA,NA,NA,NA,NA,NA
"260","N303116402296",2017,"M","Undecided","Undecided",NA,NA,NA,NA,NA,NA,NA,NA,NA,NA,NA,NA,NA,NA,NA,NA,NA,NA,NA,NA,NA
"261","N338116402207",2017,"F","Psychology","Arts & Humanities",NA,NA,NA,NA,NA,NA,NA,NA,NA,NA,NA,NA,NA,NA,NA,NA,NA,NA,NA,NA,NA
"262","N335117412204",2017,"F","Life Sciences","Economics",NA,NA,710,NA,NA,NA,NA,NA,NA,NA,NA,6,NA,NA,NA,NA,NA,NA,NA,NA,NA
"263","N306117412215",2017,"F","Arts & Humanities","Global Affairs",NA,NA,NA,NA,NA,NA,"C",NA,NA,NA,NA,NA,NA,NA,NA,NA,NA,NA,NA,NA,NA
"264","N346117401215",2017,"M","Philosophy, Politics and Economics","Psychology",NA,NA,NA,NA,NA,NA,NA,NA,NA,NA,NA,NA,NA,NA,NA,NA,NA,NA,NA,NA,NA
"265","N347117402215",2017,"F","Global Affairs","Philosophy, Politics and Economics",NA,NA,NA,NA,NA,NA,"A",NA,NA,NA,NA,NA,NA,NA,NA,NA,NA,NA,NA,NA,NA
"266","N367117424215",2017,"F","Arts & Humanities","Global Affairs",NA,NA,NA,NA,"B",NA,NA,NA,NA,NA,NA,NA,NA,NA,NA,NA,NA,NA,NA,NA,NA
"267","N345117410204",2017,"M","Environmental Studies","Economics",NA,NA,NA,36,NA,NA,NA,NA,NA,NA,NA,NA,NA,NA,NA,NA,NA,NA,NA,NA,NA
"268","N374117402215",2017,"F","Literature","Philosophy",NA,NA,NA,NA,NA,NA,NA,NA,NA,NA,NA,NA,NA,NA,NA,NA,NA,NA,NA,NA,NA
"269","N333117405227",2017,"F","Psychology","Life Sciences",NA,NA,NA,NA,NA,NA,"A",NA,NA,NA,NA,NA,NA,NA,NA,NA,NA,NA,NA,NA,NA
"270","N342117418203",2017,"M","Physical Sciences","Economics",NA,NA,730,NA,NA,NA,NA,NA,NA,NA,NA,NA,NA,NA,NA,NA,NA,NA,NA,NA,NA
"271","N317116424248",2017,"M","Psychology","History",NA,NA,NA,NA,NA,NA,NA,NA,NA,NA,NA,NA,NA,NA,NA,NA,NA,NA,NA,NA,NA
"272","N315117414204",2017,"M","Mathematical, Computational and Statistical Sciences","Philosophy, Politics and Economics",NA,NA,740,NA,NA,NA,NA,NA,NA,NA,NA,NA,NA,NA,NA,NA,NA,NA,NA,NA,NA
"273","N398116402295",2017,"F","Arts & Humanities","Literature",NA,NA,NA,NA,NA,NA,NA,NA,NA,NA,NA,NA,NA,NA,NA,NA,NA,NA,NA,NA,NA
"274","N399117414214",2017,"M","Philosophy, Politics and Economics","Economics",NA,NA,NA,NA,NA,NA,NA,NA,NA,NA,NA,NA,NA,NA,NA,NA,NA,NA,NA,NA,NA
"275","N398114424299",2017,"F","Urban Studies","Philosophy, Politics and Economics",NA,NA,NA,NA,NA,NA,"A",NA,NA,NA,NA,NA,NA,NA,NA,NA,NA,NA,NA,NA,NA
"276","N358117401203",2017,"M","Philosophy, Politics and Economics","Economics",NA,NA,NA,36,NA,NA,NA,NA,NA,NA,NA,NA,NA,NA,NA,NA,NA,4,NA,NA,NA
"277","N388117418215",2017,"F","Urban Studies","Environmental Studies",NA,NA,NA,NA,NA,NA,"A","A",NA,NA,NA,NA,NA,NA,NA,NA,NA,NA,NA,NA,NA
"278","N329116412296",2017,"F","Anthropology","Anthropology",NA,NA,NA,NA,NA,NA,NA,NA,NA,NA,NA,NA,NA,NA,NA,NA,NA,NA,NA,NA,NA
"279","N321116402296",2017,"M","Physical Sciences","Physical Sciences",NA,NA,780,NA,NA,NA,NA,NA,NA,NA,NA,NA,NA,NA,NA,NA,NA,NA,NA,NA,NA
"280","N319117408204",2017,"M","Global Affairs","Economics",650,670,720,NA,NA,NA,NA,NA,NA,NA,NA,NA,NA,NA,NA,NA,NA,NA,NA,NA,NA
"281","N326116418296",2017,"F","Psychology","Economics",NA,NA,NA,NA,NA,NA,NA,NA,NA,NA,NA,NA,NA,NA,NA,NA,NA,NA,NA,NA,NA
"282","N366117425215",2017,"M","Psychology","Anthropology",NA,NA,NA,NA,NA,NA,"B",NA,NA,NA,NA,NA,NA,NA,NA,NA,NA,NA,NA,NA,NA
"283","N341117418204",2017,"F","Life Sciences","Psychology",660,690,NA,NA,NA,NA,NA,NA,NA,NA,5,NA,NA,NA,NA,NA,NA,NA,NA,NA,NA
"284","N371117408215",2017,"M","Arts & Humanities","Philosophy, Politics and Economics",800,800,NA,NA,NA,NA,NA,NA,NA,NA,NA,NA,NA,NA,NA,NA,NA,NA,NA,NA,NA
"285","N340116425296",2017,"M","Mathematical, Computational and Statistical Sciences","Physical Sciences",800,800,NA,NA,NA,NA,NA,NA,NA,NA,NA,NA,NA,NA,NA,NA,NA,NA,NA,NA,NA
"286","N300116408296",2017,"F","Arts & Humanities","Anthropology",NA,NA,NA,NA,NA,NA,NA,NA,NA,NA,NA,NA,NA,NA,NA,NA,NA,NA,NA,NA,NA
"287","N328117424245",2017,"M","Arts & Humanities","Mathematical, Computational and Statistical Sciences",NA,NA,NA,NA,NA,NA,NA,NA,NA,NA,NA,NA,NA,NA,NA,NA,NA,NA,NA,NA,NA
"288","N325116421296",2017,"M","Economics","Mathematical, Computational and Statistical Sciences",800,800,NA,NA,NA,NA,NA,NA,NA,NA,NA,NA,NA,NA,NA,NA,NA,NA,NA,NA,NA
"289","N343112414217",2017,"M","Philosophy, Politics and Economics","Arts & Humanities",NA,NA,NA,NA,NA,NA,NA,NA,NA,NA,NA,NA,NA,NA,NA,NA,NA,NA,NA,NA,NA
"290","N323117418204",2017,"M","Physical Sciences","Philosophy",NA,NA,NA,29,NA,NA,NA,NA,NA,NA,NA,NA,NA,NA,NA,NA,NA,NA,NA,NA,NA
"291","N335116418296",2017,"M","Mathematical, Computational and Statistical Sciences","Philosophy, Politics and Economics",NA,NA,NA,NA,NA,NA,NA,NA,NA,NA,NA,NA,NA,NA,NA,NA,NA,NA,NA,NA,NA
"292","N345117425209",2017,"M","Psychology","Physical Sciences",NA,NA,NA,NA,NA,NA,"A","A",NA,NA,NA,NA,NA,NA,NA,NA,NA,NA,NA,NA,NA
"293","N305117413215",2017,"F","Philosophy","Undecided",NA,NA,NA,NA,NA,NA,NA,NA,NA,NA,NA,NA,NA,NA,NA,NA,NA,NA,NA,NA,NA
"294","N350117413215",2017,"M","Global Affairs","Philosophy, Politics and Economics",NA,NA,NA,NA,NA,NA,NA,NA,NA,NA,NA,NA,NA,NA,NA,NA,NA,NA,NA,NA,NA
"295","N306117414204",2017,"M","Global Affairs","Arts & Humanities",NA,NA,740,NA,NA,NA,NA,NA,NA,NA,NA,NA,NA,NA,NA,NA,NA,NA,NA,NA,NA
"296","N390117412203",2017,"F","Mathematical, Computational and Statistical Sciences","Physical Sciences",NA,NA,790,36,NA,NA,NA,NA,NA,NA,NA,NA,NA,NA,NA,NA,5,NA,4,NA,NA
"297","N337117410203",2017,"M","Economics","Psychology",690,720,NA,NA,NA,NA,NA,NA,NA,NA,NA,NA,NA,NA,NA,NA,NA,NA,NA,NA,NA
"298","N326117412204",2017,"M","Philosophy, Politics and Economics","Economics",680,710,NA,NA,NA,NA,NA,NA,NA,NA,NA,NA,NA,NA,NA,NA,NA,NA,NA,NA,NA
"299","N362117408215",2017,"F","Urban Studies","Philosophy, Politics and Economics",NA,NA,NA,NA,NA,NA,"A",NA,NA,NA,NA,NA,NA,NA,NA,NA,NA,NA,NA,NA,NA
"300","N323117408245",2017,"M","Economics",NA,800,800,NA,NA,NA,NA,NA,NA,NA,NA,NA,NA,NA,NA,NA,NA,NA,NA,NA,NA,NA
"301","N300117402204",2017,"M","Mathematical, Computational and Statistical Sciences","Physical Sciences",NA,NA,650,NA,NA,NA,NA,NA,NA,NA,5,NA,NA,NA,NA,NA,NA,NA,NA,NA,NA
"302","N393117405203",2017,"F","Anthropology","Arts & Humanities",NA,NA,740,NA,NA,NA,NA,NA,NA,NA,NA,5,NA,NA,NA,NA,NA,NA,NA,NA,NA
"303","N342117414204",2017,"F","Life Sciences","Philosophy",NA,NA,650,NA,NA,NA,NA,NA,NA,NA,NA,NA,NA,NA,NA,NA,NA,NA,NA,NA,NA
"304","N377117423215",2017,"M","Philosophy","Psychology",NA,NA,NA,NA,NA,NA,NA,NA,NA,NA,NA,NA,NA,NA,NA,NA,NA,NA,NA,NA,NA
"305","N333116413206",2017,"M","Economics","Environmental Studies",NA,NA,750,NA,NA,NA,NA,NA,NA,NA,NA,NA,NA,NA,NA,NA,NA,NA,NA,NA,NA
"306","N359117423215",2017,"M","Literature","Philosophy, Politics and Economics",NA,NA,NA,NA,NA,NA,NA,NA,NA,NA,NA,NA,NA,NA,NA,NA,NA,NA,NA,NA,NA
"307","N333117414204",2017,"F","Global Affairs","Philosophy, Politics and Economics",NA,NA,NA,30,NA,NA,NA,NA,NA,6,NA,NA,NA,NA,NA,NA,NA,NA,NA,NA,NA
"308","N351117412215",2017,"M","Mathematical, Computational and Statistical Sciences","Philosophy, Politics and Economics",NA,NA,NA,NA,NA,NA,NA,NA,NA,NA,NA,NA,NA,NA,NA,NA,NA,NA,NA,NA,NA
"309","N393117421263",2017,"F","Philosophy, Politics and Economics","History",NA,NA,NA,NA,NA,NA,"A",NA,NA,NA,NA,NA,NA,NA,NA,NA,NA,NA,NA,NA,NA
"310","N336117410204",2017,"F","Global Affairs","Urban Studies",NA,NA,NA,32,NA,NA,NA,NA,NA,NA,6,NA,NA,NA,NA,NA,NA,NA,NA,NA,NA
"311","N381117405215",2017,"F","Literature","Arts & Humanities",NA,NA,NA,NA,"A",NA,NA,NA,NA,NA,NA,NA,NA,NA,NA,NA,NA,NA,NA,NA,NA
"312","N371117413203",2017,"F","Psychology","Arts & Humanities",NA,NA,800,NA,NA,NA,NA,NA,NA,NA,NA,NA,NA,NA,NA,NA,NA,NA,NA,NA,NA
"313","N339116410296",2017,"F","Philosophy","Literature",NA,NA,NA,NA,NA,NA,NA,NA,NA,NA,NA,NA,NA,NA,NA,NA,NA,NA,NA,NA,NA
"314","N340117421222",2017,"F","Urban Studies","Psychology",NA,NA,NA,NA,NA,NA,"A","A",NA,NA,NA,NA,NA,NA,NA,NA,NA,NA,NA,NA,NA
"315","N355117401215",2017,"M","Arts & Humanities","Environmental Studies",NA,NA,NA,35,NA,NA,NA,NA,NA,NA,NA,NA,NA,NA,NA,NA,NA,NA,NA,NA,NA
"316","N301117423215",2017,"F","History","Philosophy, Politics and Economics",NA,NA,NA,NA,NA,NA,"A","B",NA,NA,NA,NA,NA,NA,NA,NA,NA,NA,NA,NA,NA
"317","N354117405215",2017,"F","Literature","Undecided",NA,NA,NA,NA,"A",NA,NA,NA,NA,NA,NA,NA,NA,NA,NA,NA,NA,NA,NA,NA,NA
"318","N340117410209",2017,"M","Global Affairs","Economics",NA,NA,NA,NA,NA,NA,NA,NA,NA,NA,NA,NA,NA,NA,NA,NA,NA,NA,NA,NA,NA
"319","N383117402215",2017,"F","Psychology","Anthropology",NA,NA,NA,NA,NA,NA,"A",NA,NA,NA,NA,NA,NA,NA,NA,NA,NA,NA,NA,NA,NA
"320","N321116401295",2017,"M","Economics","Environmental Studies",NA,NA,NA,33,NA,NA,NA,NA,NA,NA,NA,NA,NA,NA,NA,NA,NA,NA,NA,NA,NA
"321","N365117408203",2017,"M","Economics",NA,780,790,NA,NA,NA,NA,NA,NA,NA,NA,NA,7,NA,NA,NA,NA,NA,NA,NA,NA,NA
"322","N366117405203",2017,"M","History","Global Affairs",NA,NA,650,NA,NA,NA,NA,NA,NA,7,NA,NA,NA,NA,NA,NA,NA,NA,NA,NA,NA
"323","N339117405203",2017,"F","Global Affairs","Life Sciences",750,770,NA,36,NA,NA,NA,NA,NA,NA,NA,NA,NA,NA,NA,NA,NA,4,NA,NA,NA
"324","N374117408203",2017,"F","Philosophy, Politics and Economics","Arts & Humanities",NA,NA,600,NA,NA,NA,NA,NA,NA,NA,NA,NA,NA,NA,NA,NA,NA,NA,NA,NA,NA
"325","N370117410215",2017,"M","Anthropology","Global Affairs",NA,NA,NA,NA,NA,NA,"A","A",NA,NA,NA,NA,NA,NA,NA,NA,NA,NA,NA,NA,NA
"326","N327117401243",2017,"F","Literature","Philosophy, Politics and Economics",NA,NA,NA,NA,"A",NA,NA,NA,NA,NA,NA,NA,NA,NA,NA,NA,NA,NA,NA,NA,NA
"327","N336116414296",2017,"M",NA,"Environmental Studies",800,800,NA,NA,NA,NA,NA,NA,NA,NA,NA,NA,NA,NA,NA,NA,NA,NA,NA,NA,NA
"328","N383117408203",2017,"M","Mathematical, Computational and Statistical Sciences","Physical Sciences",750,770,NA,NA,NA,NA,NA,NA,NA,NA,NA,7,NA,NA,NA,NA,NA,NA,NA,NA,NA
"329","N304116425296",2017,"F","Arts & Humanities","Undecided",NA,NA,NA,NA,NA,NA,NA,NA,NA,NA,NA,NA,NA,NA,NA,NA,NA,NA,NA,NA,NA
"330","N352117414203",2017,"F","Physical Sciences","Psychology",NA,NA,680,NA,NA,NA,NA,NA,NA,NA,NA,NA,NA,NA,NA,NA,NA,NA,NA,NA,NA
"331","N305116424296",2017,"M","Economics","Global Affairs",780,790,NA,NA,NA,NA,NA,NA,NA,NA,NA,NA,NA,NA,NA,NA,NA,NA,NA,NA,NA
"332","N308117412204",2017,"M","Philosophy, Politics and Economics","Mathematical, Computational and Statistical Sciences",NA,NA,NA,36,NA,NA,NA,NA,NA,NA,NA,NA,NA,NA,NA,NA,NA,NA,NA,NA,NA
"333","N373117410203",2017,"F","Mathematical, Computational and Statistical Sciences","Physical Sciences",NA,NA,680,NA,NA,NA,NA,NA,NA,NA,NA,NA,NA,NA,NA,NA,NA,NA,NA,NA,NA
"334","N395117402203",2017,"F","Arts & Humanities","Psychology",NA,NA,730,NA,NA,NA,NA,NA,NA,NA,NA,NA,NA,NA,NA,NA,NA,NA,NA,NA,NA
"335","N332117412243",2017,"M","Environmental Studies","Physical Sciences",690,720,750,NA,NA,NA,NA,NA,NA,NA,NA,NA,NA,NA,NA,NA,NA,NA,NA,NA,NA
"336","N334116421296",2017,"M","Global Affairs","Economics",NA,NA,700,NA,NA,NA,NA,NA,NA,NA,NA,NA,NA,NA,NA,NA,NA,NA,NA,NA,NA
"337","N313117412271",2017,"F","Philosophy, Politics and Economics","Global Affairs",760,780,NA,NA,NA,NA,"A",NA,NA,NA,NA,NA,NA,NA,NA,NA,NA,NA,NA,NA,NA
"338","N311116401296",2017,"M","Anthropology","Economics",NA,NA,NA,NA,NA,NA,"C",NA,NA,NA,NA,NA,NA,NA,NA,NA,NA,NA,NA,NA,NA
"339","N379117424203",2017,"F","Philosophy, Politics and Economics",NA,NA,NA,800,NA,NA,NA,NA,NA,NA,NA,NA,NA,NA,NA,NA,NA,NA,NA,NA,NA,NA
"340","N372117412203",2017,"M","Undecided","Mathematical, Computational and Statistical Sciences",770,780,700,NA,NA,NA,NA,NA,NA,NA,NA,NA,NA,NA,NA,NA,NA,NA,NA,NA,NA
"341","N324117414204",2017,"F","Psychology","Physical Sciences",NA,NA,NA,36,NA,NA,NA,NA,NA,NA,NA,NA,NA,NA,NA,NA,NA,NA,NA,NA,NA
"342","N391117410203",2017,"F","Literature","Physical Sciences",NA,NA,690,NA,NA,NA,NA,NA,NA,NA,NA,NA,NA,NA,NA,NA,NA,NA,NA,NA,NA
"343","N392117402215",2017,"F","Philosophy, Politics and Economics","Global Affairs",NA,NA,NA,NA,NA,NA,"A","A",NA,NA,NA,NA,NA,NA,NA,NA,NA,NA,NA,NA,NA
"344","N355117410203",2017,"F","Global Affairs","Philosophy, Politics and Economics",NA,NA,NA,34,NA,NA,NA,NA,NA,NA,NA,NA,NA,NA,NA,NA,NA,NA,NA,NA,NA
"345","N350117421203",2017,"F","Philosophy, Politics and Economics","Psychology",NA,NA,NA,35,NA,NA,NA,NA,NA,NA,NA,NA,NA,NA,NA,NA,NA,NA,NA,NA,NA
"346","N331117421204",2017,"F","Global Affairs","Arts & Humanities",NA,NA,640,NA,NA,NA,NA,NA,NA,NA,NA,NA,NA,NA,NA,NA,NA,NA,NA,NA,NA
"347","N357117425215",2017,"F","Literature","Philosophy, Politics and Economics",NA,NA,NA,NA,"B",NA,NA,NA,NA,NA,NA,NA,NA,NA,NA,NA,NA,NA,NA,NA,NA
"348","N370117414203",2017,"F","Psychology","Philosophy, Politics and Economics",NA,NA,770,NA,NA,NA,NA,NA,NA,NA,NA,NA,NA,NA,NA,NA,NA,NA,NA,NA,NA
"349","N312117423204",2017,"M","Physical Sciences","Mathematical, Computational and Statistical Sciences",NA,NA,800,NA,NA,NA,NA,NA,NA,NA,NA,NA,NA,NA,NA,NA,NA,NA,NA,NA,NA
"350","N399116425295",2017,"M","Global Affairs","Philosophy, Politics and Economics",NA,NA,NA,NA,NA,NA,NA,NA,NA,NA,NA,NA,NA,NA,NA,NA,NA,NA,NA,NA,NA
"351","N332117418204",2017,"F","Economics","Undecided",NA,NA,NA,NA,NA,NA,NA,NA,NA,NA,NA,5,NA,NA,NA,NA,NA,NA,NA,NA,NA
"352","N313116425296",2017,"F","Economics","Mathematical, Computational and Statistical Sciences",NA,NA,NA,NA,NA,NA,NA,NA,NA,NA,NA,NA,NA,NA,NA,NA,NA,NA,NA,NA,NA
"353","N397117421214",2017,"M","Physical Sciences","Anthropology",NA,NA,NA,NA,NA,NA,NA,NA,NA,NA,NA,NA,NA,NA,NA,NA,NA,NA,NA,NA,NA
"354","N328116414295",2017,"M","History","Environmental Studies",NA,NA,NA,NA,NA,NA,NA,NA,NA,NA,NA,NA,NA,NA,NA,NA,NA,NA,NA,NA,NA
"355","N324116423296",2017,"F","Anthropology","Undecided",660,690,NA,NA,NA,NA,NA,NA,NA,NA,NA,NA,NA,NA,NA,NA,NA,NA,NA,NA,NA
"356","N356117408203",2017,"F","Philosophy, Politics and Economics","Psychology",780,790,NA,NA,NA,NA,NA,NA,NA,NA,NA,NA,NA,NA,NA,NA,NA,NA,NA,NA,NA
"357","N313117421204",2017,"F","Psychology","Urban Studies",NA,NA,780,NA,NA,NA,NA,NA,NA,NA,NA,NA,NA,NA,NA,NA,NA,NA,NA,NA,NA
"358","N354117412203",2017,"F","Philosophy, Politics and Economics","Economics",NA,NA,770,NA,NA,NA,NA,NA,NA,NA,NA,NA,NA,NA,NA,NA,NA,NA,NA,NA,NA
"359","N339117421209",2017,"M","Physical Sciences","Physical Sciences",NA,NA,NA,NA,NA,NA,"A","A",NA,NA,NA,NA,NA,NA,NA,NA,NA,NA,NA,NA,NA
"360","N316117413204",2017,"F","Undecided","Anthropology",NA,NA,730,NA,NA,NA,NA,NA,NA,NA,7,NA,NA,NA,NA,NA,NA,NA,NA,NA,NA
"361","N390117405215",2017,"F","History","Global Affairs",NA,NA,NA,NA,"A",NA,NA,NA,NA,NA,NA,NA,NA,NA,NA,NA,NA,NA,NA,NA,NA
"362","N302117421215",2017,"F","Anthropology","Philosophy, Politics and Economics",NA,NA,NA,NA,"A",NA,NA,NA,NA,NA,NA,NA,NA,NA,NA,NA,NA,NA,NA,NA,NA
"363","N332116424296",2017,"M","Economics","Philosophy, Politics and Economics",NA,NA,NA,NA,NA,NA,NA,NA,NA,NA,NA,NA,NA,NA,NA,NA,NA,NA,NA,NA,NA
"364","N325116423295",2017,"F","Global Affairs","History",NA,NA,NA,NA,NA,NA,NA,NA,NA,NA,NA,NA,NA,NA,NA,NA,NA,NA,NA,NA,NA
"365","N382117423219",2017,"F","Life Sciences","Philosophy",NA,NA,NA,NA,NA,NA,"A",NA,NA,NA,NA,NA,NA,NA,NA,NA,NA,NA,NA,NA,NA
"366","N381117412203",2017,"M","Economics","Global Affairs",NA,NA,780,NA,NA,NA,NA,NA,NA,NA,NA,NA,NA,NA,NA,NA,NA,NA,NA,NA,NA
"367","N318116414296",2017,"F","Physical Sciences","Mathematical, Computational and Statistical Sciences",NA,NA,800,NA,NA,NA,NA,NA,NA,NA,NA,NA,NA,NA,NA,NA,NA,NA,NA,NA,NA
"368","N353117413203",2017,"M","Economics","Philosophy, Politics and Economics",NA,NA,730,NA,NA,NA,NA,NA,NA,NA,NA,NA,NA,NA,NA,NA,NA,NA,NA,NA,NA
"369","N347117408203",2017,"F","Economics","Global Affairs",710,740,720,NA,NA,NA,NA,NA,NA,NA,NA,NA,NA,NA,NA,NA,NA,NA,NA,NA,NA
"370","N351117418203",2017,"F","Environmental Studies","Urban Studies",770,780,800,NA,NA,NA,NA,NA,NA,NA,NA,NA,NA,NA,NA,NA,NA,5,NA,NA,NA
"371","N330117423204",2017,"F","Environmental Studies","Global Affairs",730,760,NA,NA,NA,NA,NA,NA,NA,NA,6,NA,NA,NA,NA,NA,NA,NA,NA,NA,NA
"372","N373113405290",2017,"M","Philosophy, Politics and Economics","Global Affairs",NA,NA,NA,NA,NA,NA,"A","A",NA,NA,NA,NA,NA,NA,NA,NA,NA,NA,NA,NA,NA
"373","N380117408215",2017,"M","Philosophy, Politics and Economics","Global Affairs",NA,NA,NA,NA,NA,NA,NA,NA,NA,NA,NA,NA,NA,NA,NA,NA,NA,NA,NA,NA,NA
"374","N319116413296",2017,"M","Philosophy, Politics and Economics","Global Affairs",NA,NA,NA,33,NA,NA,NA,NA,NA,NA,NA,NA,NA,NA,NA,NA,NA,NA,NA,NA,NA
"375","N323116424296",2017,"M","Philosophy, Politics and Economics","Anthropology",NA,NA,710,NA,NA,NA,NA,NA,NA,NA,NA,NA,NA,NA,NA,NA,NA,NA,NA,NA,NA
"376","N329117405204",2017,"F","History","Psychology",NA,NA,NA,36,NA,NA,NA,NA,NA,NA,NA,NA,NA,NA,NA,NA,5,NA,NA,NA,NA
"377","N308117408215",2017,"F","Psychology","Anthropology",NA,NA,NA,NA,NA,NA,"A",NA,NA,NA,NA,NA,NA,NA,NA,NA,NA,NA,NA,NA,NA
"378","N302117424204",2017,"M","Economics","Physical Sciences",800,800,NA,NA,NA,NA,NA,NA,NA,NA,NA,NA,NA,NA,NA,NA,NA,NA,NA,NA,NA
"379","N387117421215",2017,"F","History","Literature",NA,NA,NA,NA,NA,NA,"A",NA,NA,NA,NA,NA,NA,NA,NA,NA,NA,NA,NA,NA,NA
"380","N359117402203",2017,"F","Environmental Studies","Physical Sciences",NA,NA,NA,35,NA,NA,NA,NA,NA,NA,NA,6,NA,NA,NA,NA,5,NA,NA,NA,NA
"381","N362117413203",2017,"F","Philosophy, Politics and Economics","Global Affairs",NA,NA,680,NA,NA,NA,NA,NA,NA,NA,NA,NA,NA,NA,NA,NA,NA,NA,NA,NA,NA
"382","N312116402296",2017,"F","Philosophy, Politics and Economics","Arts & Humanities",NA,NA,NA,NA,NA,NA,NA,NA,NA,NA,NA,NA,NA,NA,NA,NA,NA,NA,NA,NA,NA
"383","N392117408203",2017,"F","Arts & Humanities","Arts & Humanities",770,780,NA,NA,NA,NA,NA,NA,NA,7,NA,NA,NA,NA,NA,NA,NA,NA,NA,NA,NA
"384","N305117418204",2017,"F","Psychology","Global Affairs",NA,NA,NA,36,NA,NA,NA,NA,NA,NA,NA,NA,NA,NA,NA,NA,NA,NA,NA,NA,NA
"385","N385117424215",2017,"M","Literature","Mathematical, Computational and Statistical Sciences",NA,NA,NA,NA,NA,"A","A",NA,NA,NA,NA,NA,NA,NA,NA,NA,NA,NA,NA,NA,NA
"386","N365117402215",2017,"F","Global Affairs","Philosophy, Politics and Economics",NA,NA,NA,NA,"A",NA,NA,NA,NA,NA,NA,NA,NA,NA,NA,NA,NA,NA,NA,NA,NA
"387","N378117421215",2017,"M","Environmental Studies","Arts & Humanities",NA,NA,NA,36,NA,NA,NA,NA,NA,NA,6,NA,NA,NA,NA,NA,NA,NA,NA,NA,NA
"388","N345117412203",2017,"M","Mathematical, Computational and Statistical Sciences","Physical Sciences",740,760,NA,34,NA,NA,NA,NA,NA,NA,NA,NA,NA,NA,NA,NA,NA,NA,NA,NA,NA
"389","N377117402203",2017,"M","Philosophy, Politics and Economics","Economics",NA,NA,770,NA,NA,NA,NA,NA,NA,NA,NA,NA,NA,NA,NA,NA,NA,NA,NA,NA,NA
"390","N338116412296",2017,"M","Literature","Arts & Humanities",NA,NA,NA,NA,NA,NA,NA,NA,NA,NA,NA,NA,NA,NA,NA,NA,NA,NA,NA,NA,NA
"391","N345117405215",2017,"F","Literature","Arts & Humanities",NA,NA,NA,NA,NA,NA,"A","A",NA,NA,NA,NA,NA,NA,NA,NA,NA,NA,NA,NA,NA
"392","N382117410203",2017,"F","Mathematical, Computational and Statistical Sciences","Psychology",NA,NA,680,NA,NA,NA,NA,NA,NA,NA,NA,NA,NA,NA,NA,NA,5,NA,NA,NA,NA
"393","N397117424203",2017,"F","Undecided","Economics",NA,NA,NA,35,NA,NA,NA,NA,NA,NA,NA,NA,NA,NA,NA,NA,NA,NA,NA,NA,NA
"394","N342117405209",2017,"M","Physical Sciences","Psychology",NA,NA,NA,NA,NA,NA,"A",NA,NA,NA,NA,NA,NA,NA,NA,NA,NA,NA,NA,NA,NA
"395","N324117405209",2017,"M","Environmental Studies","Physical Sciences",800,800,NA,NA,NA,NA,"A","A",NA,NA,NA,NA,NA,NA,NA,NA,NA,NA,NA,NA,NA
"396","N317116418296",2017,"M","Economics","Mathematical, Computational and Statistical Sciences",NA,NA,NA,NA,NA,NA,NA,NA,NA,NA,NA,NA,NA,NA,NA,NA,NA,NA,NA,NA,NA
"397","N396117423214",2017,"M","Literature","Arts & Humanities",NA,NA,NA,NA,NA,NA,NA,NA,NA,NA,NA,NA,NA,NA,NA,NA,NA,NA,NA,NA,NA
"398","N399117421203",2017,"M","Mathematical, Computational and Statistical Sciences","Literature",NA,NA,710,NA,NA,NA,NA,NA,NA,NA,NA,NA,NA,NA,NA,NA,NA,NA,NA,NA,NA
"399","N363117405215",2017,"M","Philosophy, Politics and Economics","Urban Studies",NA,NA,NA,NA,NA,NA,NA,NA,NA,NA,NA,NA,NA,NA,NA,NA,NA,NA,NA,NA,NA
"400","N344117408215",2017,"F","Economics","Mathematical, Computational and Statistical Sciences",790,800,NA,NA,NA,NA,"A","B",NA,NA,NA,NA,NA,NA,NA,NA,NA,NA,NA,NA,NA
"401","N339117401204",2017,"F","Philosophy, Politics and Economics","Economics",NA,NA,NA,34,NA,NA,NA,NA,NA,NA,NA,NA,NA,NA,NA,NA,NA,NA,NA,NA,NA
"402","N340117423203",2017,"F","Philosophy, Politics and Economics","Urban Studies",NA,NA,NA,34,NA,NA,NA,NA,NA,NA,6,NA,NA,NA,NA,NA,NA,NA,NA,NA,NA
"403","N391117401215",2017,"F","History","Global Affairs",NA,NA,NA,NA,"A",NA,NA,NA,NA,NA,NA,NA,NA,NA,NA,NA,NA,NA,NA,NA,NA
"404","N378114401240",2017,"M","Global Affairs","Arts & Humanities",NA,NA,NA,NA,"A",NA,NA,NA,NA,NA,NA,NA,NA,NA,NA,NA,NA,NA,NA,NA,NA
"405","N364117410203",2017,"M","Mathematical, Computational and Statistical Sciences","Economics",NA,NA,800,NA,NA,NA,NA,NA,NA,NA,NA,NA,NA,NA,NA,NA,NA,NA,NA,NA,NA
"406","N343117410215",2017,"F","Anthropology","Urban Studies",NA,NA,NA,NA,NA,NA,"A","A",NA,NA,NA,NA,NA,NA,NA,NA,NA,NA,NA,NA,NA
"407","N304117414215",2017,"M","Economics","Philosophy, Politics and Economics",NA,NA,770,NA,NA,NA,NA,NA,NA,NA,NA,NA,NA,NA,NA,NA,NA,NA,NA,NA,NA
"408","N337116413296",2017,"F","Arts & Humanities","History",NA,NA,NA,NA,NA,NA,NA,NA,NA,NA,NA,NA,NA,NA,NA,NA,NA,NA,NA,NA,NA
"409","N394117401203",2017,"F","Life Sciences","Physical Sciences",NA,NA,710,NA,NA,NA,NA,NA,NA,NA,NA,NA,NA,NA,NA,NA,NA,NA,NA,NA,NA
"410","N367117401203",2017,"F","Undecided","Physical Sciences",NA,NA,NA,29,NA,NA,NA,NA,NA,NA,NA,NA,NA,NA,NA,NA,NA,NA,NA,NA,NA
"411","N346117410203",2017,"F","Global Affairs","Philosophy, Politics and Economics",800,800,NA,NA,NA,NA,NA,NA,NA,NA,NA,NA,NA,NA,NA,NA,NA,NA,NA,NA,NA
"412","N328116413296",2017,"M","Anthropology","Arts & Humanities",NA,NA,NA,29,NA,NA,NA,NA,NA,NA,NA,NA,NA,NA,NA,NA,NA,NA,NA,NA,NA
"413","N330116402296",2017,"F","Mathematical, Computational and Statistical Sciences","Undecided",780,790,800,NA,NA,NA,NA,NA,NA,NA,NA,NA,NA,NA,NA,NA,NA,NA,NA,NA,NA
"414","N333116423296",2017,"F","Anthropology",NA,NA,NA,730,NA,NA,NA,NA,NA,NA,NA,6,NA,NA,NA,NA,NA,NA,NA,NA,NA,NA
"415","N344117412204",2017,"F","Urban Studies","Philosophy, Politics and Economics",800,800,790,NA,NA,NA,NA,NA,NA,NA,NA,NA,NA,NA,NA,NA,NA,NA,NA,NA,NA
"416","N348117405203",2017,"F","Life Sciences","Environmental Studies",NA,NA,700,NA,NA,NA,NA,NA,NA,NA,NA,NA,NA,NA,NA,NA,NA,NA,NA,NA,NA
"417","N341116424296",2017,"F","Undecided","Arts & Humanities",NA,NA,NA,NA,NA,NA,NA,NA,NA,NA,NA,NA,NA,NA,NA,NA,NA,NA,NA,NA,NA
"418","N311117424204",2017,"M","Undecided","Undecided",640,660,700,NA,NA,NA,NA,NA,NA,NA,6,NA,NA,NA,NA,NA,NA,NA,NA,NA,NA
"419","N341117421203",2017,"M","Economics","Life Sciences",NA,NA,750,NA,NA,NA,NA,NA,NA,NA,7,NA,NA,NA,NA,NA,NA,NA,NA,NA,NA
"420","N369117425203",2017,"F","Global Affairs","Psychology",NA,NA,730,NA,NA,NA,NA,NA,NA,NA,4,NA,NA,NA,NA,NA,NA,NA,NA,NA,NA
"421","N320116401296",2017,"M","Economics","Economics",NA,NA,800,NA,NA,NA,NA,NA,NA,NA,NA,NA,NA,NA,NA,NA,5,NA,5,NA,NA
"422","N382117401215",2017,"M","History","Literature",NA,NA,NA,NA,NA,NA,NA,NA,NA,NA,NA,NA,NA,NA,NA,NA,NA,NA,NA,NA,NA
"423","N303117425220",2017,"F","History","Life Sciences",NA,NA,NA,33,NA,NA,NA,NA,NA,NA,NA,NA,NA,NA,NA,NA,NA,NA,NA,NA,NA
"424","N310116405296",2017,"M","Economics","Mathematical, Computational and Statistical Sciences",NA,NA,730,NA,NA,NA,NA,NA,NA,NA,NA,NA,NA,NA,NA,NA,NA,NA,NA,NA,NA
"425","N387117425203",2017,"M","Philosophy, Politics and Economics","Philosophy, Politics and Economics",NA,NA,760,NA,NA,NA,NA,NA,NA,NA,NA,NA,NA,NA,NA,NA,NA,NA,NA,NA,NA
"426","N308116418296",2017,"M","Philosophy, Politics and Economics","Global Affairs",NA,NA,630,NA,NA,NA,NA,NA,NA,NA,NA,NA,NA,NA,NA,NA,NA,NA,NA,NA,NA
"427","N331116425296",2017,"F","Global Affairs","Philosophy, Politics and Economics",NA,NA,NA,NA,NA,NA,NA,NA,NA,NA,NA,NA,NA,NA,NA,NA,NA,NA,NA,NA,NA
"428","N343117413204",2017,"M","History","Physical Sciences",NA,NA,720,NA,NA,NA,NA,NA,NA,NA,NA,NA,NA,NA,NA,NA,NA,NA,NA,NA,NA
"429","N303117418215",2017,"F","Philosophy","Literature",NA,NA,NA,NA,NA,NA,"A","A",NA,NA,NA,NA,NA,NA,NA,NA,NA,NA,NA,NA,NA
"430","N302116401296",2017,"M","Global Affairs","Arts & Humanities",NA,NA,790,NA,NA,NA,NA,NA,NA,NA,NA,NA,NA,NA,NA,NA,NA,NA,NA,NA,NA
"431","N328117408204",2017,"F","Anthropology","Anthropology",NA,NA,780,NA,NA,NA,NA,NA,NA,NA,NA,NA,NA,NA,NA,NA,NA,NA,NA,NA,NA
"432","N375117425215",2017,"F","Psychology","Urban Studies",NA,NA,NA,NA,NA,NA,"A",NA,NA,NA,NA,NA,NA,NA,NA,NA,NA,NA,NA,NA,NA
"433","N321117423204",2017,"M","Anthropology","Anthropology",NA,NA,620,NA,NA,NA,NA,NA,NA,NA,NA,NA,NA,NA,NA,NA,NA,NA,NA,NA,NA
"434","N373117401215",2017,"M","Philosophy, Politics and Economics","History",NA,NA,NA,NA,NA,NA,"A",NA,NA,NA,NA,NA,NA,NA,NA,NA,NA,NA,NA,NA,NA
"435","N350114423299",2017,"M","Physical Sciences","Physical Sciences",NA,NA,NA,NA,NA,NA,"A","A",NA,NA,NA,NA,NA,NA,NA,NA,NA,NA,NA,NA,NA
"436","N380117413203",2017,"F","Environmental Studies","Undecided",NA,NA,720,NA,NA,NA,NA,NA,NA,NA,NA,NA,NA,NA,NA,NA,NA,NA,3,NA,NA
"437","N334117408243",2017,"F","Global Affairs","Philosophy, Politics and Economics",NA,NA,NA,33,NA,NA,NA,NA,NA,NA,7,NA,NA,NA,NA,NA,NA,NA,NA,NA,NA
"438","N378117425203",2017,"F","Philosophy, Politics and Economics","Economics",710,740,NA,NA,NA,NA,NA,NA,NA,NA,NA,NA,NA,NA,NA,NA,NA,NA,NA,NA,NA
"439","N307117413204",2017,"F","Mathematical, Computational and Statistical Sciences","Undecided",NA,NA,740,NA,NA,NA,NA,NA,NA,NA,NA,NA,NA,NA,NA,NA,NA,NA,NA,NA,NA
"440","N300117424215",2017,"F","Psychology","Mathematical, Computational and Statistical Sciences",NA,NA,NA,NA,NA,NA,"A","A",NA,NA,NA,NA,NA,NA,NA,NA,NA,NA,NA,NA,NA
"441","N384117405203",2017,"F","Philosophy, Politics and Economics","Life Sciences",800,800,790,NA,NA,NA,NA,NA,NA,NA,NA,NA,NA,NA,NA,NA,NA,NA,NA,NA,NA
"442","N372116401280",2017,"M","Anthropology","Physical Sciences",NA,NA,800,NA,NA,NA,"A","A",NA,NA,NA,NA,NA,NA,NA,NA,NA,NA,NA,NA,NA
"443","N361117414203",2017,"M","Philosophy, Politics and Economics","Mathematical, Computational and Statistical Sciences",780,790,NA,NA,NA,NA,NA,NA,NA,NA,NA,NA,NA,NA,NA,NA,NA,NA,NA,NA,NA
"444","N322116402295",2017,"F","Anthropology","Global Affairs",NA,NA,NA,NA,NA,NA,NA,NA,NA,NA,NA,NA,NA,NA,NA,NA,NA,NA,NA,NA,NA
"445","N301117425204",2017,"F","Psychology","Philosophy",NA,NA,690,NA,NA,NA,NA,NA,NA,NA,NA,NA,NA,NA,NA,NA,NA,NA,NA,NA,NA
"446","N368117402203",2017,"F","Philosophy, Politics and Economics","Arts & Humanities",700,730,NA,NA,NA,NA,NA,NA,NA,NA,NA,NA,NA,NA,NA,NA,NA,NA,NA,NA,NA
"447","N386119413208",2018,"M","Mathematical, Computational and Statistical Sciences","Mathematical, Computational and Statistical Sciences",NA,NA,770,NA,NA,NA,NA,NA,NA,NA,NA,6,NA,NA,NA,NA,NA,NA,NA,NA,NA
"448","N317119425208",2018,"M","Anthropology","Anthropology",NA,NA,710,NA,NA,NA,"B",NA,NA,NA,NA,NA,NA,NA,NA,NA,NA,NA,NA,NA,NA
"449","N366119414209",2018,"F","Literature","Arts & Humanities",NA,NA,NA,NA,"A",NA,NA,NA,NA,NA,NA,NA,NA,NA,NA,NA,NA,NA,NA,NA,NA
"450","N328119421209",2018,"F","Literature","Anthropology",NA,NA,NA,NA,NA,NA,NA,NA,NA,NA,NA,NA,NA,NA,NA,NA,NA,NA,NA,NA,NA
"451","N361119425209",2018,"M","Economics","Philosophy, Politics and Economics",NA,NA,NA,30,NA,NA,NA,NA,NA,NA,NA,NA,NA,NA,NA,NA,4,NA,NA,NA,NA
"452","N343119425209",2018,"F","Psychology","Life Sciences",NA,NA,NA,NA,NA,NA,"A",NA,NA,NA,NA,NA,NA,NA,NA,NA,NA,NA,NA,NA,NA
"453","N313119408208",2018,"F","Economics","Undecided",NA,NA,NA,35,NA,NA,NA,NA,NA,NA,NA,NA,NA,NA,NA,NA,NA,NA,NA,NA,NA
"454","N373119421209",2018,"M","Mathematical, Computational and Statistical Sciences","Economics",710,740,NA,NA,NA,NA,NA,NA,NA,NA,NA,NA,NA,NA,NA,NA,5,4,4,5,NA
"455","N314119405208",2018,"F","Mathematical, Computational and Statistical Sciences","Philosophy",NA,NA,NA,35,NA,NA,NA,NA,NA,NA,NA,NA,NA,NA,NA,NA,NA,NA,NA,NA,NA
"456","N330119408209",2018,"F","Global Affairs","Philosophy, Politics and Economics",NA,NA,NA,30,NA,NA,NA,NA,NA,NA,NA,NA,NA,NA,NA,NA,NA,NA,NA,NA,NA
"457","N381119423209",2018,"F","Global Affairs","Physical Sciences",NA,NA,NA,35,NA,NA,NA,NA,NA,NA,NA,NA,NA,NA,NA,NA,4,NA,NA,NA,NA
"458","N385119418207",2018,"F","Psychology","Philosophy, Politics and Economics",NA,NA,720,NA,NA,NA,NA,NA,NA,NA,NA,NA,NA,NA,NA,NA,NA,NA,NA,NA,NA
"459","N384119414209",2018,"F","History","Global Affairs",NA,NA,710,NA,NA,NA,"A",NA,NA,NA,NA,NA,NA,NA,NA,NA,NA,NA,NA,NA,NA
"460","N390119425207",2018,"F","Psychology","Life Sciences",NA,NA,NA,NA,NA,NA,"A",NA,NA,NA,NA,NA,NA,NA,NA,NA,NA,NA,NA,NA,NA
"461","N383119421208",2018,"F","Global Affairs","Arts & Humanities",NA,NA,680,NA,NA,NA,NA,NA,NA,NA,NA,NA,NA,NA,NA,NA,NA,NA,NA,NA,NA
"462","N327119423209",2018,"F","Life Sciences",NA,NA,NA,NA,33,NA,NA,NA,NA,NA,NA,NA,NA,NA,NA,NA,NA,NA,NA,NA,NA,NA
"463","N388119412207",2018,"F","Anthropology","Psychology",NA,NA,NA,NA,NA,NA,"A",NA,NA,NA,NA,NA,NA,NA,NA,NA,NA,NA,NA,NA,NA
"464","N378119413216",2018,"F","Anthropology","Undecided",NA,NA,NA,NA,NA,NA,"B",NA,NA,NA,NA,NA,NA,NA,NA,NA,NA,NA,NA,NA,NA
"465","N322119405209",2018,"M","Economics","Philosophy, Politics and Economics",NA,NA,770,NA,NA,NA,NA,NA,NA,NA,NA,5,NA,NA,NA,NA,NA,NA,NA,NA,NA
"466","N383119418209",2018,"M","Global Affairs","Philosophy, Politics and Economics",NA,NA,NA,NA,NA,NA,NA,NA,NA,7,NA,NA,NA,NA,NA,7,NA,NA,NA,NA,NA
"467","N334119402208",2018,"M","Global Affairs","Philosophy, Politics and Economics",610,630,NA,NA,NA,NA,NA,NA,NA,NA,NA,NA,NA,NA,NA,NA,NA,NA,NA,NA,NA
"468","N335119424209",2018,"F","Environmental Studies","Economics",NA,NA,780,NA,NA,NA,NA,NA,NA,NA,NA,NA,NA,NA,NA,NA,NA,NA,3,NA,NA
"469","N347119421208",2018,"M","Economics","Arts & Humanities",NA,NA,NA,NA,"A",NA,NA,NA,NA,NA,NA,NA,NA,NA,NA,NA,NA,NA,NA,NA,NA
"470","N332119414212",2018,"M","Philosophy, Politics and Economics","Arts & Humanities",NA,NA,NA,NA,NA,NA,NA,NA,NA,NA,NA,NA,NA,NA,NA,NA,NA,NA,NA,NA,NA
"471","N355119423208",2018,"F","Philosophy, Politics and Economics","Economics",NA,NA,NA,35,NA,NA,"A",NA,NA,NA,NA,NA,NA,NA,NA,NA,NA,NA,NA,NA,NA
"472","N389119410207",2018,"M","Economics","Literature",NA,NA,NA,34,NA,NA,NA,NA,NA,NA,NA,NA,NA,NA,NA,NA,5,NA,4,NA,NA
"473","N325119424219",2018,"F","Global Affairs","Psychology",NA,NA,790,NA,NA,NA,NA,NA,NA,NA,6,NA,NA,NA,NA,NA,NA,NA,NA,NA,NA
"474","N356119418209",2018,"M","Mathematical, Computational and Statistical Sciences","Physical Sciences",NA,NA,NA,35,NA,NA,NA,NA,NA,NA,NA,NA,NA,NA,NA,NA,NA,NA,4,5,NA
"475","N325119412212",2018,"M","Literature","Anthropology",NA,NA,800,NA,NA,NA,NA,NA,NA,NA,NA,NA,NA,NA,NA,NA,NA,NA,NA,NA,NA
"476","N345119424208",2018,"F","Philosophy, Politics and Economics","Global Affairs",NA,NA,NA,NA,NA,NA,NA,NA,NA,NA,NA,NA,NA,NA,NA,NA,NA,NA,NA,NA,NA
"477","N331119418212",2018,"M","Psychology","Philosophy, Politics and Economics",NA,NA,NA,NA,NA,NA,NA,NA,NA,NA,NA,NA,NA,NA,NA,NA,NA,NA,NA,NA,NA
"478","N322119408208",2018,"M","History","Philosophy, Politics and Economics",NA,NA,NA,NA,NA,NA,"A","A",NA,NA,NA,NA,NA,NA,NA,NA,NA,NA,NA,NA,NA
"479","N380119402207",2018,"F","Anthropology","Literature",NA,NA,790,NA,NA,NA,NA,NA,NA,NA,NA,NA,NA,NA,NA,NA,5,NA,NA,NA,NA
"480","N318119421219",2018,"M","Global Affairs","Philosophy, Politics and Economics",NA,NA,790,NA,NA,NA,NA,NA,NA,NA,NA,NA,NA,NA,NA,NA,5,NA,NA,NA,NA
"481","N392119421208",2018,"M","Economics","Life Sciences",NA,NA,NA,NA,"A",NA,NA,NA,NA,NA,NA,NA,NA,NA,NA,NA,NA,NA,NA,NA,NA
"482","N377119414207",2018,"M","Global Affairs","Life Sciences",NA,NA,780,NA,NA,NA,NA,NA,NA,NA,NA,NA,NA,NA,NA,NA,NA,NA,NA,NA,NA
"483","N336119423209",2018,"M","Psychology","Economics",700,730,NA,NA,NA,NA,NA,NA,NA,NA,NA,NA,NA,NA,NA,NA,5,NA,NA,NA,NA
"484","N359119412209",2018,"F","Philosophy, Politics and Economics","Philosophy, Politics and Economics",NA,NA,720,NA,NA,NA,NA,NA,NA,NA,NA,NA,NA,NA,NA,NA,NA,NA,NA,NA,NA
"485","N392119423207",2018,"F","Urban Studies","Psychology",NA,NA,NA,NA,NA,NA,NA,NA,NA,NA,NA,NA,NA,NA,NA,NA,NA,NA,NA,NA,NA
"486","N324119425219",2018,"F","Philosophy, Politics and Economics","Economics",NA,NA,640,NA,NA,NA,NA,NA,NA,NA,6,NA,NA,NA,NA,NA,NA,NA,NA,NA,NA
"487","N348119418208",2018,"F","Economics","Global Affairs",NA,NA,NA,NA,"B",NA,NA,NA,NA,NA,NA,NA,NA,NA,NA,NA,NA,NA,NA,NA,NA
"488","N307119425209",2018,"M","Undecided","Undecided",NA,NA,760,NA,NA,NA,NA,NA,NA,NA,NA,NA,NA,NA,NA,NA,NA,NA,NA,NA,NA
"489","N368118423250",2018,"F","Mathematical, Computational and Statistical Sciences","Physical Sciences",NA,NA,NA,NA,NA,NA,NA,NA,NA,NA,NA,NA,NA,NA,NA,NA,NA,NA,NA,NA,NA
"490","N366119418208",2018,"M","Life Sciences","Life Sciences",NA,NA,800,NA,NA,NA,NA,NA,NA,NA,NA,NA,NA,NA,NA,NA,NA,NA,NA,NA,NA
"491","N311119410209",2018,"M","Philosophy, Politics and Economics","Global Affairs",660,690,NA,NA,NA,NA,NA,NA,NA,NA,NA,NA,NA,NA,NA,NA,NA,NA,NA,NA,NA
"492","N396119412208",2018,"M","Philosophy","Mathematical, Computational and Statistical Sciences",NA,NA,NA,NA,NA,NA,"A",NA,NA,NA,NA,NA,NA,NA,NA,NA,NA,NA,NA,NA,NA
"493","N305119401209",2018,"F","Anthropology","Environmental Studies",NA,NA,720,NA,NA,NA,NA,NA,NA,NA,NA,NA,NA,NA,NA,NA,NA,NA,NA,NA,NA
"494","N381119424208",2018,"F","Literature","Arts & Humanities",NA,NA,NA,NA,NA,NA,NA,NA,NA,NA,NA,NA,NA,NA,NA,NA,NA,NA,NA,NA,NA
"495","N382119421209",2018,"M","Philosophy, Politics and Economics","Global Affairs",NA,NA,NA,NA,NA,NA,NA,NA,NA,NA,NA,NA,NA,NA,NA,NA,NA,NA,NA,NA,NA
"496","N320119410209",2018,"F","Global Affairs","Philosophy, Politics and Economics",NA,NA,740,NA,NA,NA,NA,NA,NA,NA,NA,NA,NA,NA,NA,NA,NA,NA,NA,NA,NA
"497","N359119413208",2018,"M","Life Sciences","Arts & Humanities",NA,NA,NA,30,NA,NA,NA,NA,NA,NA,NA,NA,NA,NA,NA,NA,NA,4,NA,NA,NA
"498","N309119424208",2018,"F","Philosophy, Politics and Economics","Global Affairs",NA,NA,800,NA,NA,NA,NA,NA,NA,NA,NA,NA,NA,NA,NA,NA,NA,NA,NA,NA,NA
"499","N321119421212",2018,"M","Urban Studies","Arts & Humanities",NA,NA,NA,NA,NA,NA,NA,NA,NA,NA,NA,NA,NA,NA,NA,NA,NA,NA,NA,NA,NA
"500","N324119413212",2018,"M","Philosophy, Politics and Economics","Global Affairs",NA,NA,NA,NA,NA,NA,NA,NA,NA,NA,NA,NA,NA,NA,NA,NA,NA,NA,NA,NA,NA
"501","N300118421234",2018,"M","Urban Studies","Economics",NA,NA,NA,NA,NA,NA,"B",NA,NA,NA,NA,NA,NA,NA,NA,NA,NA,NA,NA,NA,NA
"502","N302119412208",2018,"F","Life Sciences","History",NA,NA,620,NA,NA,NA,NA,NA,NA,NA,NA,NA,NA,NA,NA,NA,NA,NA,NA,NA,NA
"503","N351119401208",2018,"F","Philosophy, Politics and Economics","Economics",NA,NA,NA,NA,NA,NA,"A","B",NA,NA,NA,NA,NA,NA,NA,NA,NA,NA,NA,NA,NA
"504","N314119401209",2018,"F","Psychology","Environmental Studies",NA,NA,NA,NA,NA,NA,NA,NA,NA,NA,7,NA,NA,NA,NA,NA,NA,NA,NA,NA,NA
"505","N327119424208",2018,"F","Urban Studies","Philosophy, Politics and Economics",NA,NA,NA,35,NA,NA,NA,NA,NA,NA,NA,NA,NA,NA,NA,NA,NA,NA,NA,NA,NA
"506","N324119401208",2018,"F","Psychology","Mathematical, Computational and Statistical Sciences",NA,NA,NA,NA,NA,NA,"A",NA,NA,NA,NA,NA,NA,NA,NA,NA,NA,NA,NA,NA,NA
"507","N345119423209",2018,"M","Physical Sciences","Undecided",NA,NA,NA,31,NA,NA,NA,NA,NA,NA,NA,NA,NA,NA,NA,NA,NA,NA,NA,NA,NA
"508","N312119410208",2018,"M","Life Sciences","Global Affairs",NA,NA,780,NA,NA,NA,NA,NA,NA,NA,6,NA,NA,NA,NA,NA,NA,NA,NA,NA,NA
"509","N348119414209",2018,"F","Anthropology","Global Affairs",NA,NA,800,NA,NA,NA,NA,NA,NA,NA,NA,NA,NA,NA,NA,NA,NA,NA,NA,NA,NA
"510","N354119424208",2018,"F","Life Sciences","Psychology",NA,NA,NA,NA,NA,NA,NA,NA,NA,NA,6,NA,NA,NA,NA,NA,NA,NA,NA,NA,NA
"511","N326119410212",2018,"M","Arts & Humanities","Economics",NA,NA,NA,NA,NA,NA,NA,NA,NA,NA,NA,NA,NA,NA,NA,NA,NA,NA,NA,NA,NA
"512","N304119405209",2018,"F","Philosophy, Politics and Economics","Arts & Humanities",NA,NA,NA,NA,NA,NA,NA,NA,NA,NA,NA,NA,NA,NA,NA,NA,NA,NA,NA,NA,NA
"513","N338119418209",2018,"F","Global Affairs","Environmental Studies",NA,NA,NA,NA,NA,NA,NA,NA,NA,NA,NA,NA,NA,NA,NA,NA,NA,NA,NA,NA,NA
"514","N373119424207",2018,"F","Life Sciences","Physical Sciences",NA,NA,730,NA,NA,NA,NA,NA,NA,NA,NA,NA,NA,NA,NA,NA,NA,NA,NA,NA,NA
"515","N346119423208",2018,"F","Life Sciences","Environmental Studies",NA,NA,750,NA,"A",NA,NA,NA,NA,NA,NA,NA,NA,NA,NA,NA,NA,NA,NA,NA,NA
"516","N399119405208",2018,"M","Mathematical, Computational and Statistical Sciences","Undecided",NA,NA,770,NA,NA,NA,NA,NA,NA,NA,NA,NA,NA,NA,NA,NA,NA,NA,NA,NA,NA
"517","N301119412209",2018,"F","Economics","Life Sciences",NA,NA,740,NA,NA,NA,NA,NA,NA,NA,NA,NA,NA,NA,NA,NA,NA,NA,NA,NA,NA
"518","N316116421296",2018,"F","Philosophy, Politics and Economics","Undecided",NA,NA,740,NA,NA,NA,NA,NA,NA,NA,NA,NA,NA,NA,NA,NA,NA,NA,NA,NA,NA
"519","N396119413207",2018,"F","Physical Sciences","Arts & Humanities",NA,NA,790,35,NA,NA,NA,NA,NA,NA,NA,7,NA,NA,NA,NA,NA,NA,NA,NA,NA
"520","N363119423209",2018,"M","Economics","Philosophy, Politics and Economics",NA,NA,NA,NA,NA,NA,NA,NA,NA,NA,NA,NA,NA,NA,NA,NA,NA,NA,NA,NA,NA
"521","N378119410209",2018,"F","Life Sciences","Literature",NA,NA,740,NA,NA,NA,NA,NA,NA,NA,NA,NA,NA,NA,NA,NA,NA,NA,NA,NA,NA
"522","N302119410209",2018,"M","Mathematical, Computational and Statistical Sciences","Economics",NA,NA,770,NA,NA,NA,"A","C",NA,NA,NA,NA,NA,NA,NA,NA,NA,NA,NA,NA,NA
"523","N350119401209",2018,"F","Philosophy, Politics and Economics","Global Affairs",NA,NA,NA,NA,NA,NA,"B","B",NA,NA,NA,NA,NA,NA,NA,NA,NA,NA,NA,NA,NA
"524","N376119414208",2018,"F","Global Affairs","Anthropology",NA,NA,NA,31,NA,NA,NA,NA,NA,NA,NA,NA,NA,NA,NA,NA,NA,NA,NA,NA,NA
"525","N308119425208",2018,"M","Philosophy, Politics and Economics","Global Affairs",NA,NA,NA,NA,NA,NA,NA,NA,NA,NA,NA,NA,NA,NA,NA,NA,NA,NA,NA,NA,NA
"526","N318119424208",2018,"M","Philosophy, Politics and Economics","History",NA,NA,NA,NA,NA,NA,NA,NA,NA,NA,NA,NA,NA,NA,NA,NA,NA,NA,NA,NA,NA
"527","N357119414209",2018,"M","Philosophy","Arts & Humanities",NA,NA,NA,NA,NA,NA,NA,NA,NA,NA,NA,NA,NA,NA,NA,NA,NA,NA,NA,NA,NA
"528","N362119424209",2018,"F","Arts & Humanities","Psychology",NA,NA,730,NA,NA,NA,NA,NA,NA,NA,NA,NA,NA,NA,NA,NA,NA,NA,NA,NA,NA
"529","N325119402208",2018,"F","Philosophy, Politics and Economics","Literature",NA,NA,NA,NA,"A",NA,NA,NA,NA,NA,NA,NA,NA,NA,NA,NA,NA,NA,NA,NA,NA
"530","N372119424208",2018,"M","Economics","Mathematical, Computational and Statistical Sciences",NA,NA,750,NA,NA,NA,NA,NA,NA,NA,NA,NA,NA,NA,NA,NA,5,NA,4,NA,NA
"531","N361119402208",2018,"M","History","Philosophy, Politics and Economics",NA,NA,760,NA,NA,NA,NA,NA,NA,NA,NA,NA,NA,NA,NA,NA,NA,NA,NA,NA,NA
"532","N356119421208",2018,"F","Philosophy, Politics and Economics","Global Affairs",NA,NA,720,NA,"A",NA,NA,NA,NA,NA,NA,NA,NA,NA,NA,NA,NA,NA,NA,NA,NA
"533","N335119425208",2018,"F","Arts & Humanities","Philosophy, Politics and Economics",NA,NA,NA,NA,NA,NA,"B",NA,NA,NA,NA,NA,NA,NA,NA,NA,NA,NA,NA,NA,NA
"534","N303119410208",2018,"F","Mathematical, Computational and Statistical Sciences","Life Sciences",NA,NA,650,NA,NA,NA,NA,NA,NA,NA,6,NA,NA,NA,NA,NA,NA,NA,NA,NA,NA
"535","N337119423208",2018,"M","Philosophy","Global Affairs",NA,NA,NA,29,NA,NA,NA,NA,NA,NA,NA,NA,NA,NA,NA,NA,NA,NA,4,NA,NA
"536","N391119424207",2018,"M","Philosophy","Arts & Humanities",NA,NA,690,33,NA,NA,NA,NA,NA,NA,NA,NA,NA,NA,NA,NA,NA,NA,NA,4,NA
"537","N368119413208",2018,"F","Philosophy, Politics and Economics","Global Affairs",NA,NA,NA,27,NA,NA,NA,NA,NA,NA,NA,NA,NA,NA,NA,NA,NA,NA,NA,NA,NA
"538","N383119423207",2018,"F","Anthropology","Global Affairs",NA,NA,NA,NA,NA,NA,"A","B",NA,NA,NA,NA,NA,NA,NA,NA,NA,NA,NA,NA,NA
"539","N319119405212",2018,"M","Environmental Studies","Philosophy, Politics and Economics",NA,NA,790,NA,NA,NA,NA,NA,NA,NA,NA,NA,NA,NA,NA,NA,NA,NA,NA,NA,NA
"540","N395117414218",2018,"F","Psychology","History",NA,NA,NA,NA,NA,NA,"A",NA,NA,NA,NA,NA,NA,NA,NA,NA,NA,NA,NA,NA,NA
"541","N371119425208",2018,"M","Economics","Philosophy, Politics and Economics",NA,NA,790,NA,NA,NA,NA,NA,NA,NA,NA,NA,NA,NA,NA,NA,NA,NA,NA,NA,NA
"542","N349119414208",2018,"M","Physical Sciences","Mathematical, Computational and Statistical Sciences",NA,NA,NA,34,NA,NA,NA,NA,NA,NA,NA,NA,NA,NA,NA,NA,NA,NA,NA,NA,NA
"543","N398119408208",2018,"M","Mathematical, Computational and Statistical Sciences","Mathematical, Computational and Statistical Sciences",NA,NA,740,NA,NA,NA,NA,NA,NA,NA,NA,NA,NA,NA,NA,NA,NA,NA,NA,NA,NA
"544","N373119423208",2018,"F","Economics","Global Affairs",NA,NA,NA,NA,NA,NA,"A","A",NA,NA,NA,NA,NA,NA,NA,NA,NA,NA,NA,NA,NA
"545","N324119402209",2018,"M","History","Global Affairs",NA,NA,NA,NA,"B",NA,NA,NA,NA,NA,NA,NA,NA,NA,NA,NA,NA,NA,NA,NA,NA
"546","N323119414212",2018,"M","Philosophy, Politics and Economics","Literature",NA,NA,NA,NA,NA,NA,NA,NA,NA,NA,NA,NA,NA,NA,NA,NA,NA,NA,NA,NA,NA
"547","N314113414263",2018,"M","Anthropology","Global Affairs",NA,NA,NA,NA,NA,NA,"B",NA,NA,NA,NA,NA,NA,NA,NA,NA,NA,NA,NA,NA,NA
"548","N380119424209",2018,"M","Economics","Philosophy, Politics and Economics",NA,NA,NA,NA,NA,NA,"A","A",NA,NA,NA,NA,NA,NA,NA,NA,NA,NA,NA,NA,NA
"549","N344119425208",2018,"M","Mathematical, Computational and Statistical Sciences","Mathematical, Computational and Statistical Sciences",NA,NA,780,NA,NA,NA,NA,NA,NA,NA,NA,NA,NA,NA,NA,NA,5,4,NA,NA,NA
"550","N333119401208",2018,"F","Psychology","Undecided",NA,NA,NA,NA,NA,NA,NA,NA,NA,NA,NA,NA,NA,NA,NA,NA,NA,NA,NA,NA,NA
"551","N328119423208",2018,"F","Environmental Studies","Arts & Humanities",NA,NA,NA,NA,NA,NA,NA,NA,NA,NA,NA,NA,NA,NA,NA,NA,NA,NA,NA,NA,NA
"552","N352119402208",2018,"F","Economics","Arts & Humanities",NA,NA,800,NA,NA,NA,NA,NA,NA,NA,NA,7,NA,NA,NA,NA,NA,NA,NA,NA,NA
"553","N316119402208",2018,"F","Life Sciences","Physical Sciences",NA,NA,NA,26,NA,NA,NA,NA,NA,NA,6,NA,NA,NA,NA,NA,NA,NA,NA,NA,NA
"554","N330119410208",2018,"F","Philosophy, Politics and Economics","Physical Sciences",NA,NA,NA,NA,NA,NA,"A","A",NA,NA,NA,NA,NA,NA,NA,NA,NA,NA,NA,NA,NA
"555","N304119408208",2018,"F","Undecided","Psychology",NA,NA,770,NA,NA,NA,"A","A",NA,NA,NA,NA,NA,NA,NA,NA,NA,NA,NA,NA,NA
"556","N320119423212",2018,"M","Arts & Humanities","Undecided",NA,NA,NA,NA,NA,NA,NA,NA,NA,NA,NA,NA,NA,NA,NA,NA,NA,NA,NA,NA,NA
"557","N368119412209",2018,"F","Life Sciences","Undecided",NA,NA,740,NA,NA,NA,NA,NA,NA,NA,NA,NA,NA,NA,NA,NA,NA,NA,NA,NA,NA
"558","N309119423209",2018,"F","Anthropology","Arts & Humanities",NA,NA,NA,NA,"B",NA,NA,NA,NA,NA,NA,NA,NA,NA,NA,NA,NA,NA,NA,NA,NA
"559","N379119410208",2018,"F","Mathematical, Computational and Statistical Sciences","Mathematical, Computational and Statistical Sciences",NA,NA,800,NA,NA,NA,"A",NA,NA,NA,NA,NA,NA,NA,NA,NA,NA,NA,NA,NA,NA
"560","N318119423209",2018,"M","Anthropology","Philosophy, Politics and Economics",NA,NA,NA,NA,NA,NA,NA,NA,NA,NA,NA,NA,NA,NA,NA,NA,NA,NA,NA,NA,NA
"561","N386119414207",2018,"F","Mathematical, Computational and Statistical Sciences","Life Sciences",NA,NA,780,NA,NA,NA,NA,NA,NA,NA,NA,6,NA,NA,NA,NA,NA,NA,NA,NA,NA
"562","N378119412208",2018,"M","Economics","Global Affairs",NA,NA,800,NA,NA,NA,NA,NA,NA,NA,NA,NA,NA,NA,NA,NA,NA,5,NA,NA,NA
"563","N371119424209",2018,"F","Psychology","Arts & Humanities",NA,NA,NA,NA,NA,NA,NA,NA,NA,NA,NA,NA,NA,NA,NA,NA,NA,NA,NA,NA,NA
"564","N372119425207",2018,"M","Philosophy, Politics and Economics","Mathematical, Computational and Statistical Sciences",700,730,640,NA,NA,NA,NA,NA,NA,NA,NA,NA,NA,NA,NA,NA,NA,NA,4,NA,NA
"565","N394119418207",2018,"F","Literature","Psychology",NA,NA,NA,NA,"A",NA,NA,NA,NA,NA,NA,NA,NA,NA,NA,NA,NA,NA,NA,NA,NA
"566","N300119413209",2018,"M","Economics","Philosophy, Politics and Economics",NA,NA,NA,31,NA,NA,NA,NA,NA,NA,NA,NA,NA,NA,NA,NA,NA,NA,NA,NA,NA
"567","N322119418212",2018,"M","Philosophy, Politics and Economics","Anthropology",NA,NA,NA,NA,NA,NA,NA,NA,NA,NA,NA,NA,NA,NA,NA,NA,NA,NA,NA,NA,NA
"568","N353119424209",2018,"F","Mathematical, Computational and Statistical Sciences","Philosophy, Politics and Economics",NA,NA,NA,NA,NA,NA,NA,NA,NA,NA,NA,NA,NA,NA,NA,NA,NA,NA,NA,NA,NA
"569","N315119401208",2018,"M","Literature","Philosophy, Politics and Economics",NA,NA,NA,NA,NA,NA,NA,NA,NA,NA,NA,NA,NA,NA,NA,NA,NA,NA,NA,NA,NA
"570","N321119405219",2018,"F","Physical Sciences","Physical Sciences",NA,NA,NA,NA,NA,NA,NA,NA,NA,NA,NA,NA,NA,NA,NA,NA,NA,NA,NA,NA,NA
"571","N351119402209",2018,"M","Psychology","Mathematical, Computational and Statistical Sciences",NA,NA,NA,NA,NA,NA,"A",NA,NA,NA,NA,NA,NA,NA,NA,NA,NA,NA,NA,NA,NA
"572","N375119421207",2018,"M","Economics","Anthropology",NA,NA,NA,NA,NA,NA,"A",NA,NA,NA,NA,NA,NA,NA,NA,NA,NA,NA,NA,NA,NA
"573","N382119423208",2018,"M","Literature","Psychology",NA,NA,NA,NA,"B",NA,NA,NA,NA,NA,NA,NA,NA,NA,NA,NA,NA,NA,NA,NA,NA
"574","N354119423209",2018,"F","Global Affairs","Philosophy, Politics and Economics",NA,NA,720,NA,NA,NA,NA,NA,NA,NA,NA,NA,NA,NA,NA,NA,NA,NA,NA,NA,NA
"575","N329119418209",2018,"F","Psychology","Literature",NA,NA,720,NA,NA,NA,NA,NA,NA,NA,6,NA,NA,NA,NA,NA,NA,NA,NA,NA,NA
"576","N327119408212",2018,"M","Arts & Humanities","Economics",NA,NA,NA,NA,NA,NA,NA,NA,NA,NA,NA,NA,NA,NA,NA,NA,NA,NA,NA,NA,NA
"577","N330116410247",2018,"F","Physical Sciences","Physical Sciences",NA,NA,800,NA,NA,NA,NA,NA,NA,NA,NA,NA,NA,NA,NA,NA,NA,NA,NA,NA,NA
"578","N363119424208",2018,"F","Literature","Anthropology",NA,NA,NA,NA,NA,NA,NA,NA,NA,NA,NA,NA,NA,NA,NA,NA,NA,NA,NA,NA,NA
"579","N387119413207",2018,"F","Arts & Humanities","Literature",NA,NA,NA,NA,"B",NA,NA,NA,NA,NA,NA,NA,NA,NA,NA,NA,NA,NA,NA,NA,NA
"580","N332119405208",2018,"F","Philosophy, Politics and Economics","Global Affairs",NA,NA,760,NA,NA,NA,NA,NA,NA,NA,NA,NA,NA,NA,NA,NA,NA,NA,NA,NA,NA
"581","N320119412208",2018,"M","Undecided","Philosophy, Politics and Economics",NA,NA,740,NA,NA,NA,NA,NA,NA,NA,NA,NA,NA,NA,NA,NA,NA,NA,NA,NA,NA
"582","N374119423207",2018,"F","Philosophy, Politics and Economics","Psychology",NA,NA,NA,NA,NA,NA,NA,NA,NA,NA,7,NA,NA,NA,NA,NA,NA,NA,NA,NA,NA
"583","N301119413208",2018,"F","Physical Sciences","Environmental Studies",NA,NA,620,NA,NA,NA,NA,NA,NA,NA,NA,NA,NA,NA,NA,NA,NA,NA,NA,NA,NA
"584","N375119414209",2018,"M","Environmental Studies","Life Sciences",NA,NA,780,NA,NA,NA,NA,NA,NA,NA,7,NA,NA,NA,NA,NA,NA,NA,NA,NA,NA
"585","N334119425209",2018,"M","Global Affairs","Philosophy, Politics and Economics",NA,NA,NA,NA,NA,NA,"C","A",NA,NA,NA,NA,NA,NA,NA,NA,NA,NA,NA,NA,NA
"586","N349119413209",2018,"M","Philosophy, Politics and Economics","Global Affairs",NA,NA,NA,NA,NA,NA,"B",NA,NA,NA,NA,NA,NA,NA,NA,NA,NA,NA,NA,NA,NA
"587","N316119425209",2018,"F","Anthropology","Arts & Humanities",NA,NA,NA,NA,NA,NA,NA,NA,NA,NA,NA,NA,NA,NA,NA,NA,NA,NA,NA,NA,NA
"588","N364119421209",2018,"F","Philosophy, Politics and Economics","Global Affairs",NA,NA,NA,NA,NA,NA,NA,NA,NA,NA,NA,NA,NA,NA,NA,NA,NA,NA,NA,NA,NA
"589","N399119414221",2018,"F","Philosophy, Politics and Economics","Economics",NA,NA,710,NA,NA,NA,NA,NA,NA,NA,NA,6,NA,NA,NA,NA,NA,NA,NA,NA,NA
"590","N395119414207",2018,"M","Arts & Humanities","Life Sciences",NA,NA,NA,NA,NA,NA,NA,NA,NA,NA,NA,NA,NA,NA,NA,NA,NA,NA,NA,NA,NA
"591","N319119421209",2018,"F","Global Affairs","Philosophy, Politics and Economics",NA,NA,730,36,NA,NA,NA,NA,NA,NA,NA,NA,NA,NA,NA,NA,5,NA,NA,NA,NA
"592","N317119424209",2018,"M","History","Literature",NA,NA,NA,NA,NA,NA,"A",NA,NA,NA,NA,NA,NA,NA,NA,NA,NA,NA,NA,NA,NA
"593","N374119418209",2018,"F","Anthropology","Arts & Humanities",NA,NA,NA,NA,NA,NA,"A",NA,NA,NA,NA,NA,NA,NA,NA,NA,NA,NA,NA,NA,NA
"594","N364119423208",2018,"F","Arts & Humanities","Philosophy, Politics and Economics",NA,NA,790,NA,NA,NA,"A","A",NA,NA,NA,NA,NA,NA,NA,NA,NA,NA,NA,NA,NA
"595","N369119410209",2018,"F","Arts & Humanities","Philosophy, Politics and Economics",NA,NA,750,NA,NA,NA,"B","A",NA,NA,NA,NA,NA,NA,NA,NA,NA,NA,NA,NA,NA
"596","N330119421212",2018,"M","Arts & Humanities","Psychology",NA,NA,NA,NA,NA,NA,NA,NA,NA,NA,NA,NA,NA,NA,NA,NA,NA,NA,NA,NA,NA
"597","N343119402208",2018,"F","Philosophy, Politics and Economics","Global Affairs",NA,NA,NA,29,NA,NA,NA,NA,NA,NA,NA,NA,NA,NA,NA,NA,NA,NA,NA,NA,NA
"598","N357119418208",2018,"M","Philosophy, Politics and Economics","Global Affairs",NA,NA,NA,30,NA,NA,NA,NA,NA,NA,NA,NA,NA,NA,NA,NA,NA,NA,NA,NA,NA
"599","N341119405208",2018,"F","Global Affairs","Philosophy, Politics and Economics",NA,NA,680,NA,NA,NA,NA,NA,NA,NA,NA,NA,NA,NA,NA,NA,NA,NA,NA,NA,NA
"600","N376119418216",2018,"M","Philosophy, Politics and Economics","Global Affairs",NA,NA,NA,NA,NA,NA,NA,NA,NA,NA,NA,NA,NA,NA,NA,NA,NA,NA,NA,NA,NA
"601","N367119413209",2018,"M","Philosophy, Politics and Economics","Philosophy",NA,NA,740,NA,NA,NA,NA,NA,NA,NA,NA,4,NA,NA,NA,NA,NA,NA,NA,NA,NA
"602","N397119412207",2018,"F","Life Sciences","Physical Sciences",NA,NA,NA,35,NA,NA,NA,NA,NA,NA,NA,7,NA,NA,NA,NA,NA,NA,NA,NA,NA
"603","N325119425209",2018,"F","Life Sciences","Philosophy, Politics and Economics",NA,NA,800,NA,NA,NA,NA,NA,NA,NA,NA,NA,NA,NA,NA,NA,NA,NA,NA,NA,NA
"604","N321119408209",2018,"M","Environmental Studies","Economics",NA,NA,800,NA,NA,NA,NA,NA,NA,NA,NA,NA,NA,NA,NA,NA,NA,NA,5,NA,NA
"605","N390119424208",2018,"M","Psychology","Philosophy",NA,NA,NA,NA,NA,NA,NA,NA,NA,NA,NA,NA,NA,NA,NA,NA,NA,NA,NA,NA,NA
"606","N340119405209",2018,"M","Economics","Undecided",NA,NA,NA,32,NA,NA,NA,NA,NA,NA,NA,NA,NA,NA,NA,NA,NA,NA,NA,NA,NA
"607","N393119421207",2018,"M","Psychology","Philosophy",NA,NA,NA,NA,NA,NA,NA,NA,NA,NA,NA,NA,NA,NA,NA,NA,NA,NA,NA,NA,NA
"608","N387119412208",2018,"F","Arts & Humanities","Anthropology",NA,NA,NA,NA,"C",NA,NA,NA,NA,NA,NA,NA,NA,NA,NA,NA,NA,NA,NA,NA,NA
"609","N326119425208",2018,"M","Economics","Life Sciences",NA,NA,800,NA,NA,NA,NA,NA,NA,NA,NA,NA,NA,NA,NA,NA,5,NA,NA,NA,NA
"610","N376119413209",2018,"F","Undecided","Psychology",NA,NA,780,NA,NA,NA,NA,NA,NA,NA,NA,NA,NA,NA,NA,NA,5,NA,4,NA,NA
"611","N305119405208",2018,"F","Psychology","Arts & Humanities",NA,NA,NA,NA,NA,NA,NA,NA,NA,NA,NA,NA,NA,NA,NA,NA,NA,NA,NA,NA,NA
"612","N310119412209",2018,"F","Global Affairs","History",NA,NA,NA,28,NA,NA,NA,NA,NA,NA,NA,NA,NA,NA,NA,NA,NA,NA,NA,NA,NA
"613","N370119402208",2018,"M","Mathematical, Computational and Statistical Sciences","Physical Sciences",NA,NA,740,NA,NA,NA,NA,NA,NA,NA,NA,NA,NA,NA,NA,NA,NA,NA,NA,NA,NA
"614","N360119402209",2018,"M","Undecided","Economics",NA,NA,780,NA,NA,NA,NA,NA,NA,NA,NA,NA,NA,NA,NA,NA,NA,NA,NA,NA,NA
"615","N344119424209",2018,"M","Economics","Anthropology",NA,NA,NA,NA,NA,NA,"B",NA,NA,NA,NA,NA,NA,NA,NA,NA,NA,NA,NA,NA,NA
"616","N380119402216",2018,"F","Philosophy, Politics and Economics","Arts & Humanities",NA,NA,730,NA,NA,NA,NA,NA,NA,NA,NA,NA,NA,NA,NA,NA,NA,NA,NA,NA,NA
"617","N300119414208",2018,"F","Anthropology","Life Sciences",NA,NA,NA,NA,NA,NA,NA,NA,NA,NA,NA,NA,NA,NA,NA,NA,NA,NA,NA,NA,NA
"618","N320119408219",2018,"F","Literature","Literature",NA,NA,NA,NA,NA,NA,NA,NA,NA,NA,NA,NA,NA,NA,NA,NA,NA,NA,NA,NA,NA
"619","N331119408208",2018,"F","Philosophy, Politics and Economics","Global Affairs",NA,NA,780,NA,NA,NA,NA,NA,NA,NA,NA,NA,NA,NA,NA,NA,NA,NA,NA,NA,NA
"620","N391119423208",2018,"F","Literature","Arts & Humanities",NA,NA,NA,NA,"A",NA,NA,NA,NA,NA,NA,NA,NA,NA,NA,NA,NA,NA,NA,NA,NA
"621","N369119412208",2018,"F","Environmental Studies","Philosophy, Politics and Economics",NA,NA,NA,36,NA,NA,NA,NA,NA,NA,NA,NA,NA,NA,NA,NA,NA,NA,NA,NA,NA
"622","N308119424209",2018,"F","Psychology","Economics",NA,NA,NA,NA,NA,NA,"A",NA,NA,NA,NA,NA,NA,NA,NA,NA,NA,NA,NA,NA,NA
"623","N311119412208",2018,"M","Philosophy, Politics and Economics","Global Affairs",NA,NA,NA,NA,NA,NA,"A",NA,NA,NA,NA,NA,NA,NA,NA,NA,NA,NA,NA,NA,NA
"624","N381119425207",2018,"F","Psychology","Economics",NA,NA,NA,NA,"C",NA,NA,NA,NA,NA,NA,NA,NA,NA,NA,NA,NA,NA,NA,NA,NA
"625","N312119408209",2018,"F","Environmental Studies","Philosophy, Politics and Economics",NA,NA,NA,NA,NA,NA,NA,NA,NA,NA,NA,NA,NA,NA,NA,NA,NA,NA,NA,NA,NA
"626","N378119413207",2018,"F","Philosophy, Politics and Economics","Economics",NA,NA,NA,NA,NA,NA,"A",NA,NA,NA,NA,NA,NA,NA,NA,NA,NA,NA,NA,NA,NA
"627","N319119423208",2018,"F","Life Sciences","Physical Sciences",NA,NA,NA,34,NA,NA,NA,NA,NA,NA,NA,NA,NA,NA,NA,NA,NA,NA,NA,NA,NA
"628","N317119423219",2018,"F","Life Sciences","Arts & Humanities",NA,NA,790,NA,NA,NA,NA,NA,NA,NA,NA,NA,NA,NA,NA,NA,NA,NA,NA,NA,NA
"629","N322119401219",2018,"F","Undecided","Physical Sciences",NA,NA,760,NA,NA,NA,NA,NA,NA,NA,7,NA,NA,NA,NA,NA,NA,NA,NA,NA,NA
"630","N372119423209",2018,"F","Anthropology","History",NA,NA,NA,NA,"A",NA,NA,NA,NA,NA,NA,NA,NA,NA,NA,NA,NA,NA,NA,NA,NA
"631","N379119412207",2018,"F","Undecided","Economics",NA,NA,530,NA,NA,NA,NA,NA,NA,NA,NA,NA,NA,NA,NA,NA,NA,NA,NA,NA,NA
"632","N321119410208",2018,"F","Mathematical, Computational and Statistical Sciences","Physical Sciences",NA,NA,790,NA,NA,NA,NA,NA,NA,NA,NA,NA,NA,NA,NA,NA,NA,NA,NA,NA,NA
"633","N358119414208",2018,"F","Literature","Literature",NA,NA,NA,NA,"B",NA,NA,NA,NA,NA,NA,NA,NA,NA,NA,NA,NA,NA,NA,NA,NA
"634","N388119410208",2018,"M","Economics","Philosophy, Politics and Economics",NA,NA,NA,NA,NA,NA,"A","A",NA,NA,NA,NA,NA,NA,NA,NA,NA,NA,NA,NA,NA
"635","N384119418208",2018,"F","Literature","Philosophy, Politics and Economics",NA,NA,690,NA,NA,NA,NA,NA,NA,7,NA,NA,NA,NA,NA,NA,NA,NA,NA,NA,NA
"636","N365119421208",2018,"M","Environmental Studies","Life Sciences",NA,NA,NA,NA,NA,NA,NA,NA,NA,NA,NA,NA,NA,NA,NA,NA,NA,NA,NA,NA,NA
"637","N393119418208",2018,"F","Undecided","Undecided",NA,NA,NA,NA,NA,NA,"A","A",NA,NA,NA,NA,NA,NA,NA,NA,NA,NA,NA,NA,NA
"638","N389119408208",2018,"F","Philosophy, Politics and Economics","Undecided",NA,NA,NA,NA,NA,NA,NA,NA,NA,NA,6,NA,NA,NA,NA,NA,NA,NA,NA,NA,NA
"639","N352119425209",2018,"F","Life Sciences","Arts & Humanities",780,790,800,NA,NA,NA,"A",NA,NA,NA,NA,NA,NA,NA,NA,NA,NA,NA,NA,NA,NA
"640","N310119413208",2018,"F","Environmental Studies","Global Affairs",NA,NA,NA,NA,NA,NA,NA,NA,NA,NA,6,NA,NA,NA,NA,NA,NA,NA,NA,NA,NA
"641","N397119410208",2018,"F","Literature","Arts & Humanities",NA,NA,NA,NA,NA,NA,"A",NA,NA,NA,NA,NA,NA,NA,NA,NA,NA,NA,NA,NA,NA
"642","N376119418207",2018,"F","Physical Sciences","Undecided",NA,NA,NA,NA,NA,NA,NA,NA,NA,NA,NA,NA,NA,NA,NA,NA,NA,NA,NA,NA,NA
"643","N321118418223",2018,"M","Philosophy","Undecided",NA,NA,NA,NA,NA,NA,NA,NA,NA,NA,NA,NA,NA,NA,NA,NA,NA,NA,NA,NA,NA
"644","N367119414208",2018,"M","Urban Studies","Economics",NA,NA,NA,34,NA,NA,NA,NA,NA,NA,NA,NA,NA,NA,NA,NA,NA,NA,NA,NA,NA
"645","N360119401208",2018,"M","Life Sciences","Mathematical, Computational and Statistical Sciences",NA,NA,760,35,NA,NA,NA,NA,NA,NA,NA,NA,NA,NA,NA,NA,NA,5,4,NA,NA
"646","N339119418208",2018,"M","Arts & Humanities","Undecided",NA,NA,NA,NA,"C",NA,NA,NA,NA,NA,NA,NA,NA,NA,NA,NA,NA,NA,NA,NA,NA
"647","N398119410207",2018,"M","Philosophy, Politics and Economics","Undecided",NA,NA,NA,NA,NA,NA,NA,NA,NA,NA,NA,NA,NA,NA,NA,NA,NA,NA,NA,NA,NA
"648","N333119413212",2018,"M","Philosophy, Politics and Economics","Undecided",NA,NA,NA,NA,NA,NA,NA,NA,NA,NA,NA,NA,NA,NA,NA,NA,NA,NA,NA,NA,NA
"649","N379119412216",2018,"F","Literature","Arts & Humanities",NA,NA,NA,NA,"B",NA,NA,NA,NA,NA,NA,NA,NA,NA,NA,NA,NA,NA,NA,NA,NA
"650","N365119418209",2018,"F","Arts & Humanities","Urban Studies",NA,NA,NA,33,NA,NA,NA,NA,NA,NA,NA,NA,NA,NA,NA,NA,NA,NA,NA,NA,NA
"651","N362119425208",2018,"F","Philosophy, Politics and Economics","Economics",NA,NA,720,NA,NA,NA,NA,NA,NA,NA,NA,NA,NA,NA,NA,NA,NA,NA,NA,NA,NA
"652","N333119402209",2018,"F","Psychology","History",NA,NA,780,NA,NA,NA,NA,NA,NA,NA,NA,NA,NA,NA,NA,NA,NA,NA,NA,NA,NA
"653","N303119408209",2018,"F","Anthropology","Urban Studies",NA,NA,NA,NA,NA,NA,NA,NA,NA,NA,NA,NA,NA,NA,NA,NA,NA,NA,NA,NA,NA
"654","N307119402208",2018,"F","Urban Studies","Environmental Studies",NA,NA,NA,NA,"A",NA,NA,NA,NA,NA,NA,NA,NA,NA,NA,NA,NA,NA,NA,NA,NA
"655","N340119408208",2018,"M","Philosophy, Politics and Economics","Global Affairs",NA,NA,720,NA,NA,NA,NA,NA,NA,NA,5,NA,NA,NA,NA,NA,NA,NA,NA,NA,NA
"656","N360116405246",2018,"F","Environmental Studies","Anthropology",NA,NA,NA,NA,NA,NA,"A","A",NA,NA,NA,NA,NA,NA,NA,NA,NA,NA,NA,NA,NA
"657","N377119412209",2018,"M","History","Mathematical, Computational and Statistical Sciences",NA,NA,700,NA,NA,NA,NA,NA,NA,NA,NA,NA,NA,NA,NA,NA,5,NA,4,NA,NA
"658","N315119402209",2018,"F","Philosophy, Politics and Economics","Literature",NA,NA,NA,NA,NA,NA,"B",NA,NA,NA,NA,NA,NA,NA,NA,NA,NA,NA,NA,NA,NA
"659","N306119401208",2018,"F","Psychology","Urban Studies",NA,NA,NA,NA,NA,NA,NA,NA,NA,NA,NA,NA,NA,NA,NA,NA,NA,NA,NA,NA,NA
"660","N377119414216",2018,"M","Literature","Life Sciences",NA,NA,NA,NA,NA,NA,NA,NA,NA,NA,NA,NA,NA,NA,NA,NA,NA,NA,NA,NA,NA
"661","N339119414209",2018,"F","Philosophy, Politics and Economics","Urban Studies",NA,NA,690,NA,NA,NA,NA,NA,NA,NA,NA,NA,NA,NA,NA,NA,NA,NA,NA,NA,NA
"662","N328119405212",2018,"M","Philosophy, Politics and Economics","Global Affairs",NA,NA,NA,NA,NA,NA,NA,NA,NA,NA,NA,NA,NA,NA,NA,NA,NA,NA,NA,NA,NA
"663","N316119424219",2018,"F","Arts & Humanities","Undecided",NA,NA,NA,NA,NA,NA,NA,NA,NA,NA,7,NA,NA,NA,NA,NA,NA,NA,NA,NA,NA
"664","N300119424222",2018,"F","Philosophy, Politics and Economics","Global Affairs",NA,NA,690,NA,NA,NA,NA,NA,NA,NA,NA,NA,NA,NA,NA,NA,NA,NA,NA,NA,NA
"665","N331119405209",2018,"M","Global Affairs","Philosophy, Politics and Economics",NA,NA,NA,35,NA,NA,NA,NA,NA,NA,NA,NA,NA,NA,NA,NA,NA,NA,NA,NA,NA
"666","N353119425208",2018,"M","Urban Studies","Anthropology",NA,NA,NA,NA,NA,NA,"A",NA,NA,NA,NA,NA,NA,NA,NA,NA,NA,NA,NA,NA,NA
"667","N377119413208",2018,"M","Arts & Humanities","Physical Sciences",NA,NA,NA,NA,NA,NA,"A","A",NA,NA,NA,NA,NA,NA,NA,NA,NA,NA,NA,NA,NA
"668","N332119401209",2018,"F","Philosophy","Literature",NA,NA,NA,NA,NA,NA,NA,NA,NA,NA,NA,NA,NA,NA,NA,NA,NA,NA,NA,NA,NA
"669","N359117405268",2018,"F","Arts & Humanities","Urban Studies",NA,NA,NA,NA,NA,NA,"A","A",NA,NA,NA,NA,NA,NA,NA,NA,NA,NA,NA,NA,NA
"670","N323119401209",2018,"F","Undecided","Undecided",NA,NA,NA,NA,NA,NA,"A",NA,NA,NA,NA,NA,NA,NA,NA,NA,NA,NA,NA,NA,NA
"671","N346119421209",2018,"M","Arts & Humanities","Literature",NA,NA,NA,29,NA,NA,NA,NA,NA,NA,NA,NA,NA,NA,NA,NA,NA,NA,NA,NA,NA
"672","N342119401208",2018,"M","Mathematical, Computational and Statistical Sciences","Economics",NA,NA,790,NA,NA,NA,NA,NA,NA,NA,NA,NA,NA,NA,NA,NA,NA,5,4,NA,NA
"673","N314119402219",2018,"F","Psychology","Arts & Humanities",NA,NA,NA,NA,NA,NA,NA,NA,NA,NA,7,NA,NA,NA,NA,NA,NA,NA,NA,NA,NA
"674","N334119412212",2018,"M","Mathematical, Computational and Statistical Sciences","Psychology",800,800,NA,NA,NA,NA,NA,NA,NA,NA,NA,NA,NA,NA,NA,NA,NA,NA,NA,NA,NA
"675","N306119402209",2018,"M","History","Global Affairs",NA,NA,NA,NA,"C",NA,NA,NA,NA,NA,NA,NA,NA,NA,NA,NA,NA,NA,NA,NA,NA
"676","N347119418209",2018,"M","Urban Studies","History",NA,NA,NA,30,NA,NA,NA,NA,NA,NA,NA,NA,NA,NA,NA,NA,NA,NA,NA,NA,NA
"677","N380119425208",2018,"M","Economics","Philosophy, Politics and Economics",NA,NA,800,NA,NA,NA,NA,NA,NA,NA,NA,NA,NA,NA,NA,NA,NA,NA,NA,NA,NA
"678","N329119401212",2018,"F","Environmental Studies","Economics",NA,NA,NA,NA,NA,NA,NA,NA,NA,NA,NA,NA,NA,NA,NA,NA,NA,NA,NA,NA,NA
"679","N337119421209",2018,"M","Life Sciences",NA,690,720,NA,NA,NA,NA,NA,NA,NA,NA,NA,NA,NA,NA,NA,NA,NA,NA,NA,NA,NA
"680","N313119405209",2018,"F","Psychology","Philosophy",NA,NA,790,NA,NA,NA,NA,NA,NA,NA,4,NA,NA,NA,NA,NA,NA,NA,NA,NA,NA
"681","N382119424207",2018,"M","Philosophy, Politics and Economics","Global Affairs",NA,NA,790,NA,NA,NA,NA,NA,NA,NA,5,NA,NA,NA,NA,NA,NA,NA,NA,NA,NA
"682","N391118421237",2018,"M","Global Affairs","Philosophy, Politics and Economics",NA,NA,NA,NA,NA,NA,"A",NA,NA,NA,NA,NA,NA,NA,NA,NA,NA,NA,NA,NA,NA
"683","N379119408209",2018,"F","Undecided","Undecided",NA,NA,NA,NA,NA,NA,NA,NA,NA,NA,NA,NA,NA,NA,NA,NA,NA,NA,NA,NA,NA
"684","N336119424208",2018,"F","Philosophy, Politics and Economics","Anthropology",NA,NA,780,NA,NA,NA,"B",NA,NA,NA,NA,NA,NA,NA,NA,NA,NA,NA,NA,NA,NA
"685","N342119402209",2018,"M","Global Affairs","History",NA,NA,710,NA,NA,NA,NA,NA,NA,NA,NA,NA,NA,NA,NA,NA,NA,NA,NA,NA,NA
"686","N384119421207",2018,"F","Arts & Humanities","Literature",NA,NA,NA,NA,NA,NA,NA,NA,NA,NA,NA,NA,NA,NA,NA,NA,NA,NA,NA,NA,NA
"687","N329119421208",2018,"F","Psychology","Global Affairs",NA,NA,730,NA,NA,NA,NA,NA,NA,NA,NA,NA,NA,NA,NA,NA,NA,NA,NA,NA,NA
"688","N394119414208",2018,"M","Philosophy, Politics and Economics","Economics",NA,NA,710,NA,NA,NA,NA,NA,NA,NA,NA,NA,NA,NA,NA,NA,NA,NA,NA,NA,NA
"689","N320119425201",2018,"M","Philosophy, Politics and Economics","Psychology",NA,NA,NA,NA,"C",NA,NA,NA,NA,NA,NA,NA,NA,NA,NA,NA,NA,NA,NA,NA,NA
"690","N326119424209",2018,"M","Philosophy","Psychology",NA,NA,NA,NA,NA,NA,"A","B",NA,NA,NA,NA,NA,NA,NA,NA,NA,NA,NA,NA,NA
